concept_name	description_vi	supporting_keywords	is_new_concept	matched_master_code	match_score	match_reason	proposed_code	cs2023_ka	suggested_topic_codes
DECLARATIVE_UI_PARADIGM	Xây dựng giao diện người dùng theo kiểu khai báo: mô tả UI như một hàm của trạng thái thay vì lệnh thủ tục từng bước.	declarative programming, declarative UI, declarative paradigm, imperative and declarative programming, imperative and declarative, imperative programming, imperative	FALSE	DECLARATIVE_UI_PARADIGM	1.0	Exact code match	DECLARATIVE_UI_PARADIGM	HCI, FPL	DECLARATIVE_UI_MODEL
UI_MODIFIERS	Áp dụng các hàm biến đổi giao diện (modifier) để tùy chỉnh appearance, layout, behavior của View theo kiểu chuỗi phương thức.	UI modifier, modifier, view modifier, apply modifiers, .modifier, modifiers including, Implement Modifiers, Modifiers including, Property Wrapper to control	FALSE	UI_MODIFIERS_CONCEPT	0.95	Semantic match: "UI Modifiers" concept exists in project but not in Master Tree. Master has UI_MODIFIERS topic.	UI_MODIFIERS_CONCEPT	HCI	UI_MODIFIERS
STATE_PROPERTY_WRAPPER	Quản lý trạng thái cục bộ của View bằng property wrapper (ví dụ @State) cho phép tự động cập nhật UI khi giá trị thay đổi.	@State Property Wrapper, State Property Wrapper, State, State Property, state, local state, ephemeral state, property wrapper, @State	FALSE	LOCAL_VIEW_STATE	0.9	Semantic match: LOCAL_VIEW_STATE in Master Tree covers @State local view state.	STATE_PROPERTY_WRAPPER	HCI, SDF	STATE_MANAGEMENT
UI_BOX_MODEL_LAYOUT	Mô hình bố cục khung khối UI trừu tượng gồm Margin, Border, Padding, Content area — cơ sở của Flexbox/Grid/Stack layout.	UI Box Model Layout, box model, margin, padding, border, box-sizing, layout system, UI layout	TRUE		0.0	No direct match in Master Tree. Related to STACK_LAYOUT, GRID_LAYOUT, ADAPTIVE_LAYOUT topics.	UI_BOX_MODEL_LAYOUT	HCI, GIT	STACK_LAYOUT,GRID_LAYOUT,ADAPTIVE_LAYOUT
FLEXBOX_GRID_LAYOUT	Hệ thống dàn trang linh hoạt (Flexbox: trục chính/chéo) và dạng lưới 2 chiều (Grid: hàng/cột) để bố cục UI thích ứng.	flex layout, grid layout, flexible grid layout, flexbox, grid, alignment, main axis, cross axis, Flexible & Grid Layout Systems	TRUE		0.0	No direct match. Master Tree has GRID_LAYOUT, STACK_LAYOUT, ADAPTIVE_LAYOUT topics but no concept for Flexbox/Grid system.	FLEXBOX_GRID_LAYOUT	HCI, GIT	GRID_LAYOUT,STACK_LAYOUT,ADAPTIVE_LAYOUT
PROJECT_ASSETS_MANAGEMENT	Quản lý tài nguyên dự án (hình ảnh, màu sắc, font, file media) trong IDE: import, tổ chức, tham chiếu asset.	Project Assets Management, assets, asset, asset has been imported, imported, imported asset, recognize available assets, media library	TRUE		0.0	No direct match. Master Tree has IDE_NAVIGATION topic but no asset management concept.	PROJECT_ASSETS_MANAGEMENT	SDF	IDE_NAVIGATION
CROSS_ORIGIN_SECURITY	Cơ chế bảo mật cross-origin (CORS, Same-Origin Policy) kiểm soát truy cập tài nguyên giữa các origin khác nhau.	Cross-Origin Security, CORS, Same-Origin Policy, cross origin, cross-origin security, cross-origin policies	FALSE	CROSS_ORIGIN_SECURITY	1.0	Exact code match exists in Master Tree.	CROSS_ORIGIN_SECURITY	SEC	FIREWALLS_IDS
SYNTAX_VS_RUNTIME_ERRORS	Phân biệt lỗi cú pháp (compile-time, detected by compiler) và lỗi runtime (exception, crash khi chạy).	syntax vs runtime errors, syntax error, runtime error, compile-time error, run-time error, error differentiation	TRUE		0.0	No direct match. Master Tree has SYNTAX_ERRORS, RUNTIME_ERRORS, ERROR_MESSAGES_CONCEPT but no comparison concept.	SYNTAX_VS_RUNTIME_ERRORS	SDF, SE	ERROR_MESSAGES,EXCEPTION_HANDLING
IDENTIFIER_NAMING_RULES	Quy tắc đặt tên định danh (identifier): camelCase, PascalCase, snake_case, từ khóa reserved, độ dài, ký tự hợp lệ.	Swift identifier rules, identifier, identifier rules, naming, camel casing, camelCase, casing, explicit typing, naming syntax	FALSE	PRIMITIVE_TYPE_DECLARATION	0.7	Partial: Master has declaration concepts but not specific naming rules concept.	IDENTIFIER_NAMING_RULES	SDF	PRIMITIVE_TYPES,VAR_CONSTANTS
TYPE_INFERENCE	Kiểu suy diễn (type inference): trình biên dịch tự động xác định kiểu dữ liệu từ giá trị khởi tạo, giảm boilerplate khai báo kiểu tường minh.	type inference, type inference appearance, Apply type inference, explicit typing, explicit, inference	FALSE	REFERENCE_TYPE_DECLARATION	0.7	Partial: Master has declaration concepts but not type inference as separate concept.	TYPE_INFERENCE	SDF,PRIMITIVE_TYPES,REFERENCE_TYPES,VAR_CONSTANTS,FUNC_SYNTAX
CONDITIONAL_LOGIC_IF_ELSE	Cấu trúc điều khiển rẽ nhánh if-else: đánh giá điều kiện boolean, thực thi một trong hai khối mã.	if-else, if-else statement, conditional statement, selection, if else, conditional logic	FALSE	IF_ELSE_STATEMENT	1.0	Exact code match.	IF_ELSE_STATEMENT	SDF	CONDITIONAL_LOGIC
CONDITIONAL_LOGIC_SWITCH	Cấu trúc chọn nhiều nhánh switch-case: so khớp giá trị với nhiều case, hỗ trợ pattern matching.	switch-case, switch case, multi-way branching, selection, Switch-Case Statement	FALSE	SWITCH_CASE	1.0	Exact code match.	SWITCH_CASE	SDF	CONDITIONAL_LOGIC
ITERATION_FOR_LOOP	Vòng lặp for: duyệt qua tập hợp/range, lặp số lần xác định, hỗ trợ index và element.	for loop, for loop iteration, looping, repetition, iteration loops	FALSE	FOR_LOOP	1.0	Exact code match.	FOR_LOOP	SDF	ITERATION_LOOPS
ITERATION_WHILE_LOOP	Vòng lặp while: lặp dựa trên điều kiện boolean, kiểm tra trước khi thực thi thân vòng lặp.	while loop, while loop iteration, looping, condition, iteration loops	FALSE	WHILE_LOOP	1.0	Exact code match.	WHILE_LOOP	SDF	ITERATION_LOOPS
LOOP_CONTROL_FLOW	Điều khiển luồng vòng lặp: break, continue, điều kiện dừng, dự đoán hành vi lặp.	loop, loop structures, predict loop, predict loop structures, control flow, control the flow, flow of execution, flow	FALSE	FOR_LOOP	0.6	Partial: covered under iteration concepts but no separate loop control concept.	LOOP_CONTROL_FLOW	SDF	ITERATION_LOOPS,CONDITIONAL_LOGIC
ARRAY_OPERATIONS	Thao tác cơ bản trên mảng: truy cập bằng index (0-based), lấy độ dài, duyệt phần tử, thêm/xóa (dynamic array).	array, array operations, array index, array access, array iteration, array element, array element using its index, array methods, array properties, arrays, initialize an array, Declare and/or initialize an array with values	FALSE	ARRAY_OPERATIONS	1.0	Exact code match.	ARRAY_OPERATIONS	SDF	ARRAYS
LIST_COLLECTIONS	Danh sách/dynamic array: add, remove, search, filter, map, reduce — thao tác mức cao hơn mảng tĩnh.	list, list operations, add, remove, search, dynamic array, collections	FALSE	LIST_OPERATIONS	1.0	Exact code match exists in Master Tree.	LIST_OPERATIONS	SDF	LISTS_COLLECTIONS
PRIMITIVE_TYPES	Kiểu dữ liệu nguyên thủy: integer, boolean, float, double, char — lưu giá trị trực tiếp trên stack.	primitive types, int, boolean, float, double, Primitive Type Declaration, Declaring Primitive Types, declaration primitive types	FALSE	PRIMITIVE_TYPE_DECLARATION	1.0	Exact code match.	PRIMITIVE_TYPE_DECLARATION	SDF	PRIMITIVE_TYPES,VAR_CONSTANTS
REFERENCE_TYPES	Kiểu dữ liệu tham chiếu: String, Array, Object, Class — lưu địa chỉ heap, ngữ nghĩa tham chiếu.	reference types, reference type declaration, Declaring Reference Types, string, object, string object	FALSE	REFERENCE_TYPE_DECLARATION	1.0	Exact code match.	REFERENCE_TYPE_DECLARATION	SDF	REFERENCE_TYPES,VAR_CONSTANTS
CONSTANTS_VARIABLES	Hằng số (immutable) vs biến (mutable): khai báo let/const vs var, scope, lifetime, shadowing.	constants, variables, constants and variables, evaluate constants and variables, evaluate constants, immutable, mutable, let, var, constant variable	FALSE	PRIMITIVE_TYPE_DECLARATION	0.8	Covered under declaration but no separate concept for const vs var semantics.	CONSTANTS_VARIABLES	SDF	PRIMITIVE_TYPES,REFERENCE_TYPES,VAR_CONSTANTS
OOP_CLASS_DEFINITION	Định nghĩa lớp (class): thuộc tính (properties/fields), phương thức (methods), constructor, encapsulation.	class, class definition, class attributes, class methods, OOP, Class Definition, attributes, methods	FALSE	CLASS_DEFINITION	1.0	Exact code match.	CLASS_DEFINITION	SDF,FPL	CLASSES_OBJECTS
OOP_OBJECT_INSTANTIATION	Tạo thể hiện (instance) từ lớp: gọi constructor, khởi tạo trạng thái ban đầu, tham chiếu đối tượng.	object instantiation, object instance, constructor, new, instance, create an instance, Create an instance of a structure, Use an instance of a structure	FALSE	OBJECT_INSTANTIATION	1.0	Exact code match.	OBJECT_INSTANTIATION	SDF,FPL	CLASSES_OBJECTS
OOP_INHERITANCE	Kế thừa: subclass kế thừa superclass, override method, polymorphism, dynamic dispatch.	inheritance, inheritance syntax, subclass, superclass, extends, method overriding, Method Overriding, overriding, polymorphism, dynamic dispatch	FALSE	INHERITANCE_SYNTAX	1.0	Exact code match exists in Master Tree.	INHERITANCE_SYNTAX	SDF,FPL	INHERITANCE_POLY
OOP_ENCAPSULATION	Đóng gói: access modifiers (public/private/internal), information hiding, interface vs implementation.	access modifiers, access modifier, public, private, encapsulation, encapsulation abstraction, Access Modifiers	FALSE	ACCESS_MODIFIERS	1.0	Exact code match exists in Master Tree.	ACCESS_MODIFIERS	SDF,FPL	ENCAPSULATION_ABSTRACTION
OOP_PROTOCOLS_INTERFACES	Giao diện/Protocol: định nghĩa contract, conformance, multiple protocol adoption, protocol-oriented programming.	protocol, protocol-oriented, interface, conformance, protocols	TRUE		0.0	No direct match in Master Tree. Could relate to CLASSES_OBJECTS, API_DESIGN.	PROTOCOLS_INTERFACES	SDF,FPL	CLASSES_OBJECTS,API_DESIGN
ERROR_HANDLING_SYNTAX	Lỗi cú pháp (syntax error): vi phạm grammar ngôn ngữ, detected by compiler/parser trước runtime.	syntax error, syntax errors, compiler error, parsing error, Syntax Errors	FALSE	SYNTAX_ERRORS	1.0	Exact code match.	SYNTAX_ERRORS	SDF	ERROR_MESSAGES
ERROR_HANDLING_RUNTIME	Lỗi runtime (runtime error): exception, crash, division by zero, index out of bounds, nil reference.	runtime error, runtime errors, exception, crash, run-time error, run-time errors, Runtime Errors	FALSE	RUNTIME_ERRORS	1.0	Exact code match.	RUNTIME_ERRORS	SDF	EXCEPTION_HANDLING
ERROR_HANDLING_LOGIC	Lỗi logic (logical error): chương trình chạy nhưng kết quả sai do thuật toán/logic bị sai.	logical error, logic error, logic errors, Logical Errors, incorrect output, bug	FALSE	LOGIC_ERRORS	1.0	Exact code match.	LOGIC_ERRORS	SDF,SE	DEBUGGING_TECH
DEBUGGING_TECHNIQUES	Kỹ thuật gỡ lỗi: breakpoint, step through, inspect variable, call stack, log analysis, print debugging.	breakpoint, breakpoints, debugger, debugging, Debugging, Using Breakpoints, typing Debugging, explicit typing Debugging	FALSE	BREAKPOINTS	1.0	Exact code match.	BREAKPOINTS	SDF	DEBUGGING_TECH
ERROR_INTERPRETATION	Đọc và hiểu thông báo lỗi: stack trace, error code, message, log để xác định nguyên nhân gốc rễ.	error messages, error message, interpret error, Interpret error, Interpret error messages, interpreting error messages, error handling, exceptions, debugging, log analysis	FALSE	ERROR_MESSAGES_CONCEPT	1.0	Exact code match.	ERROR_MESSAGES_CONCEPT	SDF,SE	ERROR_MESSAGES
EVENT_DRIVEN_PROGRAMMING	Mô hình lập trình hướng sự kiện: event loop, event handler, callback, listener, asynchronous response.	event-driven, event driven, event loop, event handler, events, event handling, Event-Based Programming Model, Events and Event Handling, asynchronous, Event Handlers	FALSE	EVENT_BASED_PROGRAMMING	1.0	Exact code match.	EVENT_BASED_PROGRAMMING	FPL,HCI	EVENT_HANDLERS
ASYNCHRONOUS_PROGRAMMING	Lập trình bất đồng bộ: async/await, Promise/Future, callback, non-blocking I/O, concurrency.	asynchronous programming, async, await, promises, callbacks, non-blocking, asynchronous, async await	FALSE	ASYNCHRONOUS_PROG_CONCEPT	1.0	Exact code match exists in Master Tree.	ASYNCHRONOUS_PROG_CONCEPT	FPL,SDF	ASYNCHRONOUS_PROG
FIRST_CLASS_FUNCTIONS	Hàm là first-class citizen: gán cho biến, truyền làm tham số, trả về từ hàm khác, closure, lambda.	first-class functions, first class functions, higher-order functions, lambda, closures, First-Class & Higher-Order Functions	FALSE	FIRST_CLASS_FUNCTIONS_CONCEPT	1.0	Exact code match exists in Master Tree.	FIRST_CLASS_FUNCTIONS_CONCEPT	FPL	FIRST_CLASS_FUNCTIONS
CLOSURES_CAPTURE	Closure: hàm nén bắt giá trị từ phạm vi bao quanh (capture semantics), reference vs value capture.	closure, closures, capture, capture semantics, captured variable	TRUE		0.0	Covered under FIRST_CLASS_FUNCTIONS but no separate closure concept.	CLOSURES_CAPTURE	FPL	FIRST_CLASS_FUNCTIONS
FUNCTION_SYNTAX	Cú pháp hàm: tham số (parameters), nhãn tham số (argument labels), kiểu trả về (return type), body, gọi hàm.	function, function syntax, function execution, execution of functions, parameters, parameter, argument labels, argument, returns, return values, return, FUNC_SYNTAX	FALSE	PRIMITIVE_TYPE_DECLARATION	0.6	Covered under declaration topics but no separate function syntax concept.	FUNCTION_SYNTAX	SDF,FPL	FUNC_SYNTAX,RETURN_VALUES
STRUCT_VALUE_SEMANTICS	Struct (value type): copy-on-write, value semantics, không có identity, so sánh bằng giá trị.	struct, structure, value type, value semantics, instance of a structure, Create an instance of a structure, structure instance	TRUE		0.0	Master has CLASS_DEFINITION, OBJECT_INSTANTIATION but no value type/struct concept.	STRUCT_VALUE_SEMANTICS	SDF,FPL	CLASSES_OBJECTS,REFERENCE_TYPES
PROPERTY_WRAPPER	Property wrapper: gói logic getter/setter tái sử dụng (@State, @Binding, @Published, @ObservedObject).	property wrapper, Property Wrapper, @State Property Wrapper, @Binding, @Published, @ObservedObject, wrapper, Wrapper to control, Property Wrapper to control	FALSE	STATE_PROPERTY_WRAPPER	0.9	Matches LOCAL_VIEW_STATE / SHARED_OBSERVABLE_STATE but no generic property wrapper concept.	PROPERTY_WRAPPER	HCI,SDF	STATE_MANAGEMENT,OBSERVABLE_MODEL
DATA_BINDING_TWO_WAY	Two-way data binding: @Binding/$ prefix, chia sẻ trạng thái読写 giữa parent-child view, single source of truth.	two-way binding, two way binding, @Binding, data binding, binding, Data Binding, Two-Way Data Binding	FALSE	TWO_WAY_BINDING	1.0	Exact code match.	TWO_WAY_BINDING	HCI,SDF	DATA_BINDING
STATE_MANAGEMENT_PATTERNS	Mẫu quản lý trạng thái: local state (@State), shared state (@StateObject/@ObservedObject), environment, single source of truth.	state management, state, local state, shared state, ephemeral state, shared observable state, Shared Observable State, Local View State, STATE_MANAGEMENT	FALSE	LOCAL_VIEW_STATE	0.8	Master has LOCAL_VIEW_STATE and SHARED_OBSERVABLE_STATE but no unified state management patterns concept.	STATE_MANAGEMENT_PATTERNS	HCI,SDF	STATE_MANAGEMENT,OBSERVABLE_MODEL
UI_STACK_LAYOUT	Stack-based layout: VStack (dọc), HStack (ngang), ZStack (chồng), alignment, spacing.	stack layout, VStack, HStack, ZStack, stack views, Stack Views, Views inside of Stack, inside of Stack, arrange Views inside, stack-based layout	FALSE	LEVEL_LAYOUT	0.7	Master has STACK_LAYOUT topic and LEVEL_LAYOUT concept but no dedicated stack layout concept.	UI_STACK_LAYOUT	HCI,GIT	STACK_LAYOUT,UI_MODIFIERS
UI_CONTAINER_VIEWS	Container view: Group, Section, Form, List, ScrollView, LazyVStack/LazyHStack — tổ chức view con.	container view, Container Views, Create Container Views, Create Container, container, Group, Section, Form, List, ScrollView	TRUE		0.0	No container view concept in Master Tree.	UI_CONTAINER_VIEWS	HCI	UI_CONTROLS,STACK_LAYOUT
UI_NAVIGATION	Điều hướng: NavigationStack, NavigationLink, tab bar, sheet, modal presentation, hierarchical navigation.	navigation, Navigation, Project Navigation, XCode Project Navigation, structure XCode Project Navigation, navigation stack, hierarchical navigation	TRUE		0.0	Master has IDE_NAVIGATION topic but no UI navigation concept.	UI_NAVIGATION	HCI	IDE_NAVIGATION,HIERARCHICAL_NAVIGATION
UI_ANIMATION_TRANSITIONS	Animation & chuyển cảnh: implicit (.animation), explicit (withAnimation), transition, spring, timing curve.	animation, animation transition, transition, implicit animation, explicit animation, withAnimation, view transitions, View Transitions, Implicit vs. Explicit Animation, UI Animation	FALSE	IMPLICIT_EXPLICIT_ANIMATION	1.0	Exact code match.	IMPLICIT_EXPLICIT_ANIMATION	GIT,HCI	UI_ANIMATION
UI_ACCESSIBILITY	Truy cập: VoiceOver, semantic markup, dynamic type, contrast, WCAG POUR, screen reader support.	accessibility, accessible, a11y, screen reader, Screen Readers, WCAG, WCAG Principles, POUR, inclusive design, Inclusive Design and Accessibility Standards, visual design with accessibility	FALSE	WCAG_PRINCIPLES	1.0	Exact code match.	WCAG_PRINCIPLES	HCI,SEP	WCAG_STANDARDS,ASSISTIVE_TECH
UI_COLOR_THEORY	Màu sắc: RGB, HSB, color palette, contrast ratio, dark mode support, semantic color, Color Theory.	color, Color Theory, color theory, RGB, CMYK, color wheel, color palette, contrast, color harmony	FALSE	COLOR_THEORY	1.0	Exact code match.	COLOR_THEORY	GIT	GRAPHIC_DESIGN_PRINCIPLES
UI_TYPOGRAPHY	Typography: font, font weight, kerning, leading, tracking, dynamic type, text style, system font.	font, typography, Typography, font system, visual hierarchy, kerning, leading, tracking, .font, Text	FALSE	TYPOGRAPHY_AND_VISUAL_HIERARCHY	1.0	Exact code match exists in Master Tree.	TYPOGRAPHY_AND_VISUAL_HIERARCHY	GIT,HCI	GRAPHIC_DESIGN_PRINCIPLES
UI_COMPOSITION_PRINCIPLES	Nguyên tắc bố cục: rule of thirds, balance, alignment, proximity, repetition, visual hierarchy, golden ratio.	composition, composition principles, layout, rule of thirds, balance, visual balance, layout grid, Layout Grid and Compositional Rules, Composition Principles	FALSE	COMPOSITION_PRINCIPLES	1.0	Exact code match.	COMPOSITION_PRINCIPLES	GIT,HCI	GRAPHIC_DESIGN_PRINCIPLES,WIREFRAMING_PROTOTYPING
USER_CENTERED_DESIGN	Thiết kế lấy người dùng làm trung tâm: empathy, user research, persona, journey map, usability testing.	user-centered design, user centered design, UCD, design thinking, user research, persona, User-Centered Design Process, Creating User Personas, User Personas, Personas and Scenarios, usability testing, Usability Testing	FALSE	USER_CENTERED_DESIGN	1.0	Exact code match.	USER_CENTERED_DESIGN	HCI	USER_RESEARCH
WIREFRAMING_PROTOTYPING	Wireframe (low-fidelity) & Prototype (interactive): layout, flow, test ý tưởng trước khi code.	wireframe, wireframing, Wireframing, prototype, prototyping, Prototyping, mockup, UI, UX, Figma, low fidelity, high fidelity	FALSE	WIREFRAMING	1.0	Exact code match.	WIREFRAMING	HCI	WIREFRAMING_PROTOTYPING
DESIGN_THINKING_PROCESS	Design Thinking 5 bước: Empathize, Define, Ideate, Prototype, Test — quy trình lặp giải quyết bài toán thiết kế.	design thinking, Design Thinking, human-centered design, empathize, ideate, prototype, test, Design Thinking & Human-Centered Innovation	FALSE	DESIGN_THINKING_PROCESS	1.0	Exact code match exists in Master Tree.	DESIGN_THINKING_PROCESS	HCI	USER_RESEARCH,WIREFRAMING_PROTOTYPING
DIGITAL_CITIZENSHIP	Công dân số: digital footprint, online identity, netiquette, cyberbullying, privacy, security, ethical behavior.	digital footprint, Digital Footprint, digital identity, Digital Identity Management, online profile, netiquette, cyberbullying, Cyberbullying, online safety, privacy, Privacy Settings, online presence	FALSE	DIGITAL_FOOTPRINT	1.0	Exact code match.	DIGITAL_FOOTPRINT	SEP	PRIVACY_SETTINGS,DIGITAL_INTERACTION
CYBERSECURITY_BASICS	An ninh mạng cơ bản: phishing, social engineering, password strength, 2FA/MFA, malware types, secure coding.	phishing, phishing identification, Identifying Phishing Attempts, social engineering, email security, scam, password strength, Strong Passwords, password security, two-factor authentication, 2FA, MFA, malware, malware types, Malware Types, virus, ransomware, cybersecurity	FALSE	PHISHING_IDENTIFICATION	1.0	Exact code match.	PHISHING_IDENTIFICATION	SEC,SEP	PHISHING_SCAMS,PASSWORD_STRENGTH,MALWARE_TYPES
AI_ETHICS_BIAS	Đạo đức AI: algorithmic bias, fairness, transparency, accountability, training data bias, responsible AI.	AI bias, Bias in AI, algorithmic bias, Algorithmic Bias in Society, fairness, ethics, training data, AI ethics, Ethical AI and Algorithmic Bias Awareness, responsible AI	FALSE	AI_BIAS	1.0	Exact code match.	AI_BIAS	AI,SEP	USER_RESEARCH,SUPERVISED_LEARNING
IMPACT_OF_COMPUTING	Tác động của điện toán: xã hội, kinh tế, văn hóa, môi trường, digital divide, equity, access.	impact of computing, computing concepts, apps on society, society, cultures, economies, ethical and socioeconomic impacts, legal ethical and socioeconomic impacts, Digital Divide, The Digital Divide	FALSE	ALGORITHMIC_BIAS_SOCIETY	0.8	Master has ALGORITHMIC_BIAS_SOCIETY but no broad computing impact concept.	IMPACT_OF_COMPUTING	SEP	USER_RESEARCH,DIGITAL_INTERACTION
COPYRIGHT_LICENSING	Bản quyền & licensing: Creative Commons, intellectual property, attribution, fair use, open source licenses.	copyright, Copyright & Creative Commons, Creative Commons, licenses, intellectual property, intellectual property, attribution, fair use	FALSE	COPYRIGHT_CREATIVE_COMMONS	1.0	Exact code match exists in Master Tree.	COPYRIGHT_CREATIVE_COMMONS	SEP	DIGITAL_INTERACTION
INFORMATION_CREDIBILITY	Đánh giá độ tin cậy thông tin: fact-checking, misinformation, source evaluation, critical thinking.	credibility, credibility assessment, fact-checking, misinformation, Information Credibility, Assessing Information Credibility	FALSE	INFORMATION_CREDIBILITY	1.0	Exact code match exists in Master Tree.	INFORMATION_CREDIBILITY	SEP	DIGITAL_INTERACTION
IDE_NAVIGATION_TOOLING	IDE tooling: project navigator, file inspector, debugger, breakpoint, console, refactoring, code completion.	Xcode, Xcode Project, Project Navigation, IDE, IDE navigation, debugging, breakpoint, Using Breakpoints, structure XCode Project Navigation	FALSE	PROJECT_ASSETS_MANAGEMENT	0.6	Master has IDE_NAVIGATION topic but no concept. Project concept PROJECT_ASSETS_MANAGEMENT is closest.	IDE_NAVIGATION_TOOLING	SDF	IDE_NAVIGATION
SOURCE_CONTROL_GIT	Version control: Git, commit, branch, merge, pull request, conflict resolution, Git workflow.	git, version control, Version Control Workflow, Git workflow, Git Flow, branching strategy, commit, branch, merge	FALSE	VERSION_CONTROL_WORKFLOW	1.0	Exact code match exists in Master Tree.	VERSION_CONTROL_WORKFLOW	SDF	GIT_BASICS
APP_LIFECYCLE	Vòng đời ứng dụng: launch, foreground, background, termination, state restoration, scene delegate.	app lifecycle, application lifecycle, launch, background, foreground, termination, scene, app delegate	TRUE		0.0	No app lifecycle concept in Master Tree.	APP_LIFECYCLE	HCI,SDF	MEDIA_SERVICES,APP_DEPLOYMENT
PLATFORM_SDK_IOS	Platform SDK: iOS/macOS frameworks (UIKit, SwiftUI, Foundation, Combine), system capabilities, permissions.	ios, ios sdk, swiftui, SwiftUI, uikit, framework, platform sdk, system framework, apple platform	TRUE		0.0	Technology-specific (iOS/Apple) — would be SIO level, not CIO.	PLATFORM_SDK_IOS	HCI	MEDIA_SERVICES,GEOSPATIAL_SERVICES