code	name	description	category_codes	keywords	cs2023_ka_mapping	metadata	sequence_order
CONDITIONAL_LOGIC	Conditional Logic (Selection)	Trình bày các cấu trúc rẽ nhánh như if-else và switch-case để chương trình có thể đưa ra quyết định dựa trên các điều kiện khác nhau.	CONTROL_FLOW	if-else, switch, conditionals, selection, branching	SDF	"{""icon"": ""code-branch""}"	
PRIMITIVE_TYPES	Primitive Data Types	Khám phá các kiểu dữ liệu nguyên thủy được xây dựng sẵn trong ngôn ngữ, như số nguyên (integer), số thực (float), logic (boolean) và ký tự (character).	VARIABLES_DATA_TYPES	data types, integer, float, boolean, char	SDF, FPL	"{""icon"": ""tags""}"	
PRIVACY_SETTINGS	Using Privacy Settings and Tools	Hướng dẫn cách sử dụng các cài đặt quyền riêng tư trên các dịch vụ web, mạng xã hội và trình duyệt để kiểm soát thông tin cá nhân.	DATA_PRIVACY_USER	privacy settings, cookies, data protection, GDPR	SEP	"{""icon"": ""user-cog""}"	
UI_ANIMATION	UI Animation & Transitions	Áp dụng các hiệu ứng chuyển động và chuyển tiếp để làm cho các thay đổi giao diện trở nên mượt mà và trực quan hơn.	INTERACTION_EFFECTS	animation, transition, motion, effects	GIT, HCI	"{""icon"": ""film""}"	
EXCEPTION_HANDLING	Exception Handling	Giới thiệu kỹ thuật xử lý các lỗi và ngoại lệ xảy ra trong quá trình chạy chương trình bằng khối lệnh try-catch để tăng tính ổn định.	CONTROL_FLOW, TESTING_DEBUGGING	exceptions, try-catch, error handling, robustness	SDF, SE	"{""icon"": ""exclamation-circle""}"	
WCAG_STANDARDS	Web Content Accessibility Guidelines (WCAG)	Giới thiệu các tiêu chuẩn quốc tế (WCAG) và các cấp độ tuân thủ (A, AA, AAA) để đảm bảo nội dung web có thể tiếp cận được bởi người khuyết tật.	ACCESSIBILITY	WCAG, accessibility, a11y, web standards	HCI, SEP	"{""icon"": ""universal-access""}"	
USER_RESEARCH	User Research and Personas	Tìm hiểu các phương pháp nghiên cứu người dùng (phỏng vấn, khảo sát) và kỹ thuật xây dựng chân dung người dùng (personas) để định hướng quá trình thiết kế.	UI_UX_PROCESS	user research, personas, user interviews, surveys	HCI	"{""icon"": ""user-friends""}"	
PHISHING_SCAMS	Recognizing Phishing and Scams	Rèn luyện kỹ năng nhận diện các email, tin nhắn và trang web lừa đảo để bảo vệ bản thân và tổ chức khỏi các cuộc tấn công lừa đảo.	DATA_PRIVACY_USER	phishing, scams, social engineering, cybersecurity	SEC, SEP	"{""icon"": ""fish""}"	
UI_MODIFIERS	UI Modifiers	Áp dụng các bộ điều chỉnh (modifiers) để tùy biến giao diện của các View, như thay đổi font, màu sắc, padding và background.	UI_BUILDING_BLOCKS	modifiers, styling, font, color, padding	HCI	"{""icon"": ""paint-brush""}"	
ITERATION_LOOPS	Iteration and Loops	Trình bày các cấu trúc lặp như for, while và do-while để thực thi một khối mã lặp đi lặp lại.	CONTROL_FLOW	loops, for, while, iteration, repetition	SDF	"{""icon"": ""redo""}"	
WIREFRAMING_PROTOTYPING	Wireframing and Prototyping	Thực hành các kỹ thuật tạo bản phác thảo cấu trúc (wireframe) và các mẫu thử tương tác (prototype) để trực quan hóa và kiểm tra các ý tưởng thiết kế.	UI_UX_PROCESS	wireframe, prototype, mockup, Figma, Adobe XD	HCI	"{""icon"": ""drafting-compass""}"	
IDE_NAVIGATION	IDE Navigation	Điều hướng và quản lý cấu trúc file, assets trong dự án.	DEVELOPMENT_ENVIRONMENT	IDE, file, assets			
DEBUGGING_TECH	Debugging Techniques	Trang bị các kỹ thuật gỡ lỗi hiệu quả, bao gồm sử dụng breakpoints, logging, và các công cụ phân tích lỗi của IDE.	TESTING_DEBUGGING	debugging, breakpoint, debugger, troubleshooting	SDF, SE	"{""icon"": ""bug-slash""}"	
MALWARE_TYPES	Malware Protection	Phân biệt các loại phần mềm độc hại (virus, worm, ransomware) và các biện pháp phòng chống như sử dụng phần mềm diệt virus.	DEVICE_PROTECTION	malware, virus, ransomware, antivirus	SEC	"{""icon"": ""shield-virus""}"	
STACK_LAYOUT	Stack-Based Layout	Sắp xếp các View theo chiều dọc (VStack), chiều ngang (HStack) hoặc xếp chồng lên nhau (ZStack) để tạo các bố cục cơ bản.	LAYOUT_COMPOSITION	stacks, VStack, HStack, ZStack, layout	HCI	"{""icon"": ""layer-group""}"	
ARRAYS	Arrays	Khám phá cấu trúc dữ liệu mảng: khai báo, truy cập phần tử qua chỉ số (index), và các thao tác cơ bản.	DATA_STRUCTURES_BASIC	array, index, data structure, collection	SDF, AL	"{""icon"": ""th""}"	
ASSISTIVE_TECH	Assistive Technologies	Tìm hiểu về các công nghệ hỗ trợ như trình đọc màn hình (screen readers), bàn phím thay thế, và cách chúng giúp người khuyết tật sử dụng công nghệ.	ACCESSIBILITY	assistive tech, screen reader, accessibility tools	HCI, SEP	"{""icon"": ""headset""}"	
STATE_MANAGEMENT	State Management	Quản lý trạng thái giao diện, từ trạng thái cục bộ của một View đến các trạng thái phức tạp và được chia sẻ giữa nhiều View.	STATE_DATA_FLOW	state, @State, @StateObject, ViewModel, Source of Truth	HCI, SDF	"{""icon"": ""brain-circuit""}"	
EVENT_HANDLERS	Events and Event Handling	Hiểu mô hình xử lý sự kiện, trong đó chương trình đăng ký các hàm (event handlers) để phản hồi lại các hành động của người dùng hoặc hệ thống (events).	EVENT_DRIVEN_PROG	events, event handler, listener, callback	FPL, HCI	"{""icon"": ""hand-point-up""}"	
CLASSES_OBJECTS	Classes and Objects	"Giới thiệu khái niệm trung tâm của OOP: định nghĩa một ""khuôn mẫu"" (class) với các thuộc tính và hành vi, sau đó tạo ra các ""thể hiện"" (object) từ khuôn mẫu đó."	OOP	class, object, instantiation, attributes, methods	SDF, FPL	"{""icon"": ""object-group""}"	
REFERENCE_TYPES	Reference Data Types	Tìm hiểu về các kiểu dữ liệu tham chiếu (hoặc phức hợp) như chuỗi (string), đối tượng (object), mảng, và sự khác biệt về quản lý bộ nhớ so với kiểu nguyên thủy.	VARIABLES_DATA_TYPES	reference types, objects, strings, arrays, pointers	SDF, FPL	"{""icon"": ""link""}"	
ERROR_MESSAGES	Interpreting Error Messages	Kỹ năng đọc và hiểu các thông báo lỗi do chương trình hoặc hệ điều hành cung cấp để xác định nguyên nhân sự cố.	TROUBLESHOOTING, TESTING_DEBUGGING	error handling, exceptions, debugging, log analysis	SDF, SE	"{""icon"": ""exclamation-triangle""}"	
PASSWORD_STRENGTH	Strong Passwords & Authentication	Các tiêu chí để tạo một mật khẩu mạnh và các phương pháp xác thực hiện đại như xác thực hai yếu tố (2FA) để tăng cường bảo mật.	DEVICE_PROTECTION	passwords, authentication, 2FA, MFA, security	SEC	"{""icon"": ""key""}"	
GRAPHIC_DESIGN_PRINCIPLES	Visual Design Principles for UI	Áp dụng các nguyên tắc cốt lõi về màu sắc, bố cục, khoảng trắng và chữ viết (typography) để tạo ra các giao diện người dùng thẩm mỹ và hiệu quả.	GRAPHIC_DESIGN_CAT	visual design, color theory, typography, layout, UI	GIT, HCI	"{""icon"":""palette""}"	
UI_CONTROLS	Basic UI Controls	Sử dụng các control cơ bản để hiển thị thông tin (Text, Image) và nhận tương tác từ người dùng (Button, TextField, Picker).	UI_BUILDING_BLOCKS	Text, Image, Button, TextField, Picker, Toggle	HCI	"{""icon"": ""keyboard""}"	
DEBUGGING_TECHNIQUES	Debugging Techniques	Kỹ thuật và công cụ dùng để gỡ lỗi.	TESTING_DEBUGGING	debug			
DATA_BINDING	Data Binding	Kỹ thuật tạo liên kết hai chiều giữa dữ liệu trong code và các control trên giao diện, cho phép UI tự động cập nhật và ngược lại.	STATE_DATA_FLOW	binding, two-way binding, @Binding	HCI, SDF	"{""icon"": ""link""}"	
GRID_LAYOUT	Grid-Based Layout	Sắp xếp các View thành một lưới hai chiều, thường được sử dụng để hiển thị các bộ sưu tập.	LAYOUT_COMPOSITION	grid, LazyVGrid, LazyHGrid, collection	HCI	"{""icon"": ""th""}"	
FIREWALLS_IDS	Firewalls and Intrusion Detection Systems	Sử dụng tường lửa để lọc lưu lượng mạng và hệ thống phát hiện/phòng chống xâm nhập (IDS/IPS) để giám sát các mối đe dọa.	NETWORK_SECURITY	firewall, IDS, IPS, network security	SEC	"{""icon"": ""shield-virus""}"	
FIRST_CLASS_FUNCTIONS	First-Class & Higher-Order Functions	"Khám phá khái niệm hàm là ""công dân hạng nhất"" và các hàm bậc cao có thể nhận hàm khác làm đối số hoặc trả về một hàm."	FUNCTIONAL_PROG	higher-order functions, lambda, closures, first-class functions	FPL	"{""icon"": ""lambda""}"	
