code	name	description	lo_type	parent_lo_code	concept_codes	bloom_level	knowledge_dimension	assessment_approach	sequence_order	marr_test_note
CIO-USER_CENTERED_DESIGN-01	User-Centered Design Evaluation	Người học có khả năng xác định các phương pháp nghiên cứu người dùng (phỏng vấn, khảo sát, quan sát) và tiêu chí đánh giá tính phù hợp của thiết kế với nhu cầu người dùng.	CONCEPTUAL_IMPL	ULO-USER_CENTERED_DESIGN-01	USER_CENTERED_DESIGN	ANALYZE	CONCEPTUAL	code-review	1	Algorithmic: Input=user research data, Output=evaluation report with gaps. Representation-independent: applicable to any design process methodology.
CIO-LIST_OPERATIONS-01	Dynamic List Manipulation	Người học có khả năng mô tả thuật toán cho các thao tác danh sách động: insertion (O(n)), deletion (O(n)), search (O(n)), filter (O(n)), và hiểu trade-off giữa array vs linked list.	CONCEPTUAL_IMPL	ULO-LIST_OPERATIONS-01	LIST_OPERATIONS	APPLY	PROCEDURAL	code-review	2	Algorithmic: Insert/Delete at index requires shift. Language-independent: applies to ArrayList, vector, List<T>, slice.
CIO-PRIMITIVE_TYPE_DECLARATION-01	Primitive Type Selection	Người học có khả năng lựa chọn kiểu nguyên thủy phù hợp dựa trên: miền giá trị (range), độ chính xác (precision), bộ nhớ (memory footprint), và hiệu năng (performance).	CONCEPTUAL_IMPL	ULO-PRIMITIVE_TYPE_DECLARATION-01	PRIMITIVE_TYPE_DECLARATION	APPLY	PROCEDURAL	code-review	3	Algorithmic: Type selection based on value domain constraints. Language-independent: int/float/bool/char exist in all languages.
CIO-COPYRIGHT_CREATIVE_COMMONS-01	License Compatibility Analysis	Người học có khả năng phân tích tương thích giấy phép: so sánh CC BY, CC BY-SA, CC BY-NC, CC0, GPL, MIT và xác định khả năng kết hợp/tái sử dụng.	CONCEPTUAL_IMPL	ULO-COPYRIGHT_CREATIVE_COMMONS-01	COPYRIGHT_CREATIVE_COMMONS	ANALYZE	CONCEPTUAL	case-study	4	Algorithmic: License compatibility matrix as decision graph. Representation-independent: legal framework analysis.
CIO-DESIGN_THINKING_PROCESS-01	Design Thinking Cycle Execution	Người học có khả năng mô tả quy trình lặp 5 giai đoạn: Empathize (input: user data, output: insights), Define (input: insights, output: problem statement), Ideate (input: problem, output: concepts), Prototype (input: concept, output: artifact), Test (input: artifact, output: feedback).	CONCEPTUAL_IMPL	ULO-DESIGN_THINKING_PROCESS-01	DESIGN_THINKING_PROCESS	CREATE	METACOGNITIVE	project	5	Algorithmic: Iterative refinement loop with feedback. Representation-independent: applies to product, service, UX, policy design.
CIO-ERROR_MESSAGES_CONCEPT-01	Error Message Diagnosis	Người học có khả năng phân tích cấu trúc thông báo lỗi: error type, message, stack trace (file, line, call stack), context variables để truy vết nguyên nhân gốc rễ.	CONCEPTUAL_IMPL	ULO-ERROR_MESSAGES_CONCEPT-01	ERROR_MESSAGES_CONCEPT	ANALYZE	PROCEDURAL	debugging-exercise	6	Algorithmic: Parse structured error output, trace call graph backwards. Language-independent: applies to compiler, runtime, linter errors.
CIO-AI_BIAS-01	Bias Detection & Mitigation	Người học có khả năng mô tả quy trình phát hiện thiên vị: audit dữ liệu huấn luyện (representation bias, measurement bias), đánh giá metrics công bằng (demographic parity, equalized odds), kỹ thuật giảm thiểu (reweighting, adversarial debiasing).	CONCEPTUAL_IMPL	ULO-AI_BIAS-01	AI_BIAS	EVALUATE	CONCEPTUAL	case-study	7	Algorithmic: Statistical parity measurement + constrained optimization. Language-independent: applies to any ML pipeline.
CIO-RUNTIME_ERRORS-01	Exception Handling Strategy	Người học có khả năng thiết kế chiến lược xử lý ngoại lệ: phân loại exception (checked vs unchecked), try-catch-finally pattern, resource cleanup (RAII, using, defer), exception wrapping và rethrowing.	CONCEPTUAL_IMPL	ULO-RUNTIME_ERRORS-01	RUNTIME_ERRORS	APPLY	PROCEDURAL	code-review	8	Algorithmic: Control flow divergence handling with guaranteed cleanup. Language-independent: try/catch/finally, try/except/finally, defer patterns.
CIO-ASYNCHRONOUS_PROG_CONCEPT-01	Async Control Flow Design	Người học có khả năng thiết kế luồng điều khiển bất đồng bộ: callback-based (continuation passing), Promise/Future chaining (then/catch), async/await (synchronous syntax, implicit promise), structured concurrency (task groups, cancellation).	CONCEPTUAL_IMPL	ULO-ASYNCHRONOUS_PROG_CONCEPT-01	ASYNCHRONOUS_PROG_CONCEPT	CREATE	PROCEDURAL	project	9	Algorithmic: Continuation-passing style transformation. Language-independent: callbacks, promises, coroutines, async/await, actors.
CIO-IF_ELSE_STATEMENT-01	Conditional Branching Logic	Người học có khả năng thiết kế logic rẽ nhánh: điều kiện đơn (if), điều kiện lồng nhau (nested if), chuỗi điều kiện (else-if), short-circuit evaluation, guard clause pattern.	CONCEPTUAL_IMPL	ULO-IF_ELSE_STATEMENT-01	IF_ELSE_STATEMENT	APPLY	PROCEDURAL	code-review	10	Algorithmic: Branch prediction, control flow graph construction. Language-independent: if/else, switch, match, cond, ternary.
CIO-ARRAY_OPERATIONS-01	Array Manipulation Algorithms	Người học có khả năng mô tả thuật toán thao tác mảng: linear search O(n), binary search O(log n) on sorted, insertion/deletion at index O(n), traversal patterns (forward, reverse, stride).	CONCEPTUAL_IMPL	ULO-ARRAY_OPERATIONS-01	ARRAY_OPERATIONS	APPLY	PROCEDURAL	debugging-exercise	11	Algorithmic: Contiguous memory access patterns, index calculation. Language-independent: array, vector, Array, List, slice.
CIO-COLOR_THEORY-01	Color Model Conversion	Người học có khả năng chuyển đổi giữa các mô hình màu: RGB ↔ HSV/HSL, RGB ↔ CMYK, tính toán contrast ratio (WCAG), harmonious palette generation (complementary, analogous, triadic).	CONCEPTUAL_IMPL	ULO-COLOR_THEORY-01	COLOR_THEORY	ANALYZE	CONCEPTUAL	project	12	Algorithmic: Mathematical color space transformations. Language-independent: applies to CSS, SwiftUI, Figma, design systems.
CIO-INHERITANCE_SYNTAX-01	Inheritance Mechanism	Người học có khả năng mô tả cơ chế kế thừa: method resolution order (MRO), super() call semantics, virtual method table (vtable), override vs overload, final/sealed modifiers.	CONCEPTUAL_IMPL	ULO-INHERITANCE_SYNTAX-01	INHERITANCE_SYNTAX	APPLY	PROCEDURAL	code-review	13	Algorithmic: Single/multiple inheritance resolution, dynamic dispatch. Language-independent: class-based, prototype-based, trait-based.
CIO-WCAG_PRINCIPLES-01	Accessibility Conformance Evaluation	Người học có khả năng đánh giá tuân thủ WCAG 2.1/2.2: 4 principles (POUR), 13 guidelines, 78 success criteria (A/AA/AAA), testing methodology (automated + manual).	CONCEPTUAL_IMPL	ULO-WCAG_PRINCIPLES-01	WCAG_PRINCIPLES	EVALUATE	CONCEPTUAL	case-study	14	Algorithmic: Rule-based evaluation against success criteria. Representation-independent: applies to web, mobile, desktop, documents.
CIO-DIGITAL_FOOTPRINT-01	Digital Footprint Impact Assessment	Người học có khả năng đánh giá tác động dấu chân số: phân loại data trail (active/passive), threat modeling (OSINT, profiling), data minimization strategies, right to be forgotten (GDPR Art.17).	CONCEPTUAL_IMPL	ULO-DIGITAL_FOOTPRINT-01	DIGITAL_FOOTPRINT	ANALYZE	CONCEPTUAL	case-study	15	Algorithmic: Data trail graph analysis, privacy risk scoring. Language-independent: legal/technical framework.
CIO-IMPLICIT_EXPLICIT_ANIMATION-01	Animation Trigger Models	Người học có khả năng phân biệt mô hình kích hoạt animation: implicit (state-driven, declarative, reactive), explicit (event-driven, imperative, procedural), transaction-based (batched updates).	CONCEPTUAL_IMPL	ULO-IMPLICIT_EXPLICIT_ANIMATION-01	IMPLICIT_EXPLICIT_ANIMATION	APPLY	PROCEDURAL	project	16	Algorithmic: State machine vs event-driven animation triggers. Language-independent: CSS transitions, SwiftUI, Flutter, React Native.
CIO-PHISHING_IDENTIFICATION-01	Social Engineering Detection	Người học có khả năng nhận diện các kỹ thuật social engineering: urgency/fear tactics, authority impersonation, link manipulation (homograph, subdomain), attachment malware, credential harvesting.	CONCEPTUAL_IMPL	ULO-PHISHING_IDENTIFICATION-01	PHISHING_IDENTIFICATION	ANALYZE	CONCEPTUAL	case-study	17	Algorithmic: Heuristic pattern matching on communication artifacts. Language-independent: email, SMS, social media, voice.
CIO-CLASS_DEFINITION-01	Class Design Principles	Người học có khả năng thiết kế class tuân thủ SOLID: Single Responsibility, Open/Closed, Liskov Substitution, Interface Segregation, Dependency Inversion; composition over inheritance.	CONCEPTUAL_IMPL	ULO-CLASS_DEFINITION-01	CLASS_DEFINITION	CREATE	PROCEDURAL	code-review	18	Algorithmic: Dependency graph analysis, coupling/cohesion metrics. Language-independent: class-based OOP, component-based, module systems.
CIO-FIRST_CLASS_FUNCTIONS_CONCEPT-01	Higher-Order Function Patterns	Người học có khả năng áp dụng các pattern hàm bậc cao: map/filter/reduce (collection transformation), function composition (f ∘ g), currying/partial application, decorator pattern, strategy pattern.	CONCEPTUAL_IMPL	ULO-FIRST_CLASS_FUNCTIONS_CONCEPT-01	FIRST_CLASS_FUNCTIONS_CONCEPT	APPLY	PROCEDURAL	code-review	19	Algorithmic: Function as data, composition algebra. Language-independent: lambda, closure, delegate, functor, monad.
CIO-LEVEL_LAYOUT-01	Game Level Design Algorithm	Người học có khả năng thiết kế thuật toán sinh level: procedural generation (noise functions, graph-based), difficulty pacing (flow theory), player path analysis (critical path, alternate routes), reward distribution.	CONCEPTUAL_IMPL	ULO-LEVEL_LAYOUT-01	LEVEL_LAYOUT	CREATE	METACOGNITIVE	project	20	Algorithmic: Constraint satisfaction + procedural generation. Language-independent: applies to 2D, 3D, VR, any game engine.
CIO-FOR_LOOP-01	Iteration Control Structures	Người học có khả năng mô tả các cấu trúc lặp: counter-controlled (for i=0..n), collection-controlled (for x in xs), range-based (for i in range), nested loops, loop invariants, termination proof.	CONCEPTUAL_IMPL	ULO-FOR_LOOP-01	FOR_LOOP	APPLY	PROCEDURAL	debugging-exercise	21	Algorithmic: Loop variant/invariant, induction variable analysis. Language-independent: for, foreach, for-in, range, iterator.
CIO-REFERENCE_TYPE_DECLARATION-01	Reference Semantics	Người học có khả năng giải thích ngữ nghĩa tham chiếu: heap allocation, pointer/handle semantics, aliasing, mutability, garbage collection (tracing vs reference counting), ownership models.	CONCEPTUAL_IMPL	ULO-REFERENCE_TYPE_DECLARATION-01	REFERENCE_TYPE_DECLARATION	APPLY	CONCEPTUAL	code-review	22	Algorithmic: Memory model, reachability analysis. Language-independent: reference, pointer, smart pointer, managed reference.
CIO-ACCESS_MODIFIERS-01	Encapsulation Enforcement	Người học có khả năng thiết kế access control: visibility levels (public/private/protected/internal/package/module), friend/cohesion mechanisms, information hiding, module boundaries.	CONCEPTUAL_IMPL	ULO-ACCESS_MODIFIERS-01	ACCESS_MODIFIERS	APPLY	PROCEDURAL	code-review	23	Algorithmic: Visibility lattice, dependency analysis. Language-independent: access modifiers, modules, packages, namespaces.
CIO-SWITCH_CASE-01	Multi-way Branching	Người học có khả năng thiết kế switch-case nâng cao: pattern matching (type, value, structure), guard conditions, fallthrough control, exhaustiveness checking, expression vs statement form.	CONCEPTUAL_IMPL	ULO-SWITCH_CASE-01	SWITCH_CASE	APPLY	PROCEDURAL	code-review	24	Algorithmic: Jump table vs decision tree, pattern matching compilation. Language-independent: switch, match, case, cond, when.
CIO-COMPOSITION_PRINCIPLES-01	Visual Composition Evaluation	Người học có khả năng đánh giá bố cục theo các nguyên tắc: rule of thirds (grid intersection), visual weight balance, focal point hierarchy, white space management, alignment systems, Gestalt principles.	CONCEPTUAL_IMPL	ULO-COMPOSITION_PRINCIPLES-01	COMPOSITION_PRINCIPLES	EVALUATE	CONCEPTUAL	project	25	Algorithmic: Geometric analysis of visual elements. Language-independent: applies to UI, print, photography, architecture.
CIO-ALGORITHMIC_BIAS_SOCIETY-01	Societal Impact Assessment	Người học có khả năng đánh giá tác động xã hội: disparate impact analysis, counterfactual fairness, algorithmic auditing, stakeholder mapping, regulatory compliance (EU AI Act, US Algorithmic Accountability Act).	CONCEPTUAL_IMPL	ULO-ALGORITHMIC_BIAS_SOCIETY-01	ALGORITHMIC_BIAS_SOCIETY	EVALUATE	CONCEPTUAL	case-study	26	Algorithmic: Causal inference, fairness metrics computation. Language-independent: policy/technical framework.
CIO-OBJECT_INSTANTIATION-01	Object Lifecycle Management	Người học có khả năng mô tả vòng đời đối tượng: allocation (stack vs heap), initialization (constructor, factory), usage (method calls, property access), deallocation (destructor, finalizer, GC, ARC, RAII).	CONCEPTUAL_IMPL	ULO-OBJECT_INSTANTIATION-01	OBJECT_INSTANTIATION	APPLY	PROCEDURAL	code-review	27	Algorithmic: Memory lifecycle, ownership transfer. Language-independent: new/malloc, constructor, destructor, GC, ARC, drop.
CIO-EVENT_BASED_PROGRAMMING-01	Event-Driven Architecture	Người học có khả năng thiết kế kiến trúc hướng sự kiện: event sourcing, CQRS, pub/sub, observer pattern, mediator, event loop, backpressure handling, exactly-once delivery.	CONCEPTUAL_IMPL	ULO-EVENT_BASED_PROGRAMMING-01	EVENT_BASED_PROGRAMMING	CREATE	PROCEDURAL	project	28	Algorithmic: Event log as source of truth, state reconstruction. Language-independent: event bus, message queue, actor model, reactive streams.
CIO-SYNTAX_ERRORS-01	Compiler Error Analysis	Người học có khả năng phân tích lỗi cú pháp: lexical analysis errors, parsing errors (shift/reduce conflicts), type checking errors, semantic errors, error recovery strategies (panic mode, synchronization).	CONCEPTUAL_IMPL	ULO-SYNTAX_ERRORS-01	SYNTAX_ERRORS	ANALYZE	PROCEDURAL	debugging-exercise	29	Algorithmic: Parser state machine, error production rules. Language-independent: LR/LL parsing, recursive descent, Pratt parser.
CIO-TYPOGRAPHY_AND_VISUAL_HIERARCHY-01	Typography System Design	Người học có khả năng thiết kế hệ thống typography: type scale (modular scale, ratio), font pairing (contrast/harmony), vertical rhythm (baseline grid), responsive typography (fluid scaling, clamp), accessibility (WCAG contrast, resize).	CONCEPTUAL_IMPL	ULO-TYPOGRAPHY_AND_VISUAL_HIERARCHY-01	TYPOGRAPHY_AND_VISUAL_HIERARCHY	CREATE	METACOGNITIVE	project	30	Algorithmic: Geometric proportion system, constraint solving. Language-independent: CSS, SwiftUI, Figma, design tokens.
CIO-TWO_WAY_BINDING-01	Bidirectional Data Flow	Người học có khả năng mô hình hóa two-way binding: observable pattern (subject/observer), dirty checking, proxy-based reactivity, dependency tracking, update propagation, cycle detection.	CONCEPTUAL_IMPL	ULO-TWO_WAY_BINDING-01	TWO_WAY_BINDING	APPLY	PROCEDURAL	code-review	31	Algorithmic: Dependency graph, change detection, topological update order. Language-independent: Vue, React, SwiftUI, Knockout, Angular.
CIO-BREAKPOINTS-01	Debugging Workflow	Người học có khả năng thiết kế quy trình debug: breakpoint placement strategy (conditional, logpoint, hit count), call stack analysis, variable inspection (scope, watch), step execution (into, over, out), reverse debugging.	CONCEPTUAL_IMPL	ULO-BREAKPOINTS-01	BREAKPOINTS	APPLY	PROCEDURAL	debugging-exercise	32	Algorithmic: Execution trace analysis, state reconstruction. Language-independent: gdb, lldb, VS Code, Xcode, IntelliJ, browser DevTools.
CIO-VERSION_CONTROL_WORKFLOW-01	Git Branching Strategy	Người học có khả năng áp dụng chiến lược nhánh: Git Flow (main, develop, feature, release, hotfix), GitHub Flow (main, feature), Trunk-based Development, monorepo vs polyrepo, merge vs rebase.	CONCEPTUAL_IMPL	ULO-VERSION_CONTROL_WORKFLOW-01	VERSION_CONTROL_WORKFLOW	APPLY	PROCEDURAL	project	33	Algorithmic: DAG history manipulation, conflict resolution (3-way merge). Language-independent: Git, Mercurial, SVN, Perforce.
CIO-LOCAL_VIEW_STATE-01	Ephemeral State Management	Người học có khả năng mô hình hóa trạng thái cục bộ: component-scoped lifecycle, value vs reference semantics, derived state (computed/memo), state colocation, lifting state up.	CONCEPTUAL_IMPL	ULO-LOCAL_VIEW_STATE-01	LOCAL_VIEW_STATE	APPLY	PROCEDURAL	code-review	34	Algorithmic: Component tree state ownership, derived value computation. Language-independent: React useState, Vue ref, SwiftUI @State, Flutter setState.
CIO-WIREFRAMING-01	Wireframe Fidelity Spectrum	Người học có khả năng phân loại độ chi tiết wireframe: low-fi (sketch, structure only), mid-fi (layout, content blocks), high-fi (pixel-perfect, interaction), chuyển đổi fidelity theo giai đoạn design process.	CONCEPTUAL_IMPL	ULO-WIREFRAMING-01	WIREFRAMING	CREATE	METACOGNITIVE	project	35	Algorithmic: Information architecture hierarchy, interaction flow graph. Language-independent: paper, Figma, Sketch, Adobe XD, Balsamiq.
CIO-LOGIC_ERRORS-01	Logic Error Root Cause Analysis	Người học có khả năng áp dụng phương pháp khoa học debug: hypothesis formation (expected vs actual), controlled experiment (minimal reproduction), binary search (git bisect), trace comparison, invariant checking.	CONCEPTUAL_IMPL	ULO-LOGIC_ERRORS-01	LOGIC_ERRORS	ANALYZE	PROCEDURAL	debugging-exercise	36	Algorithmic: Delta debugging, program slicing. Language-independent: applies to any imperative/declarative language.
CIO-WHILE_LOOP-01	Condition-Controlled Iteration	Người học có khả năng thiết kế vòng lặp điều kiện: pre-test (while), post-test (do-while), loop variant (termination metric), loop invariant (correctness proof), guard conditions, iterator protocol.	CONCEPTUAL_IMPL	ULO-WHILE_LOOP-01	WHILE_LOOP	APPLY	PROCEDURAL	debugging-exercise	37	Algorithmic: Loop invariant maintenance, termination proof. Language-independent: while, do-while, repeat-until, loop/recur.
CIO-OBJECT_PROPERTIES-01	Property Access Patterns	Người học có khả năng mô tả pattern truy cập thuộc tính: direct access, getter/setter, computed property (derived), lazy initialization, property observer (willSet/didSet, willChange/didChange), key-path observation.	CONCEPTUAL_IMPL	ULO-OBJECT_PROPERTIES-01	OBJECT_PROPERTIES	APPLY	PROCEDURAL	code-review	38	Algorithmic: Property descriptor, accessor interception. Language-independent: property, accessor, descriptor, proxy, KVO.
CIO-INFORMATION_CREDIBILITY-01	Source Credibility Evaluation	Người học có khả năng đánh giá độ tin cậy: CRAAP test (Currency, Relevance, Authority, Accuracy, Purpose), lateral reading, fact-checking organizations, bias rating (AllSides, Media Bias/Fact Check), provenance tracking.	CONCEPTUAL_IMPL	ULO-INFORMATION_CREDIBILITY-01	INFORMATION_CREDIBILITY	EVALUATE	CONCEPTUAL	case-study	39	Algorithmic: Multi-source verification, trust propagation. Language-independent: information literacy framework.