code	name	description	lo_type	parent_lo_code	concept_codes	bloom_level	knowledge_dimension	assessment_approach	sequence_order
SIO-SWIFT-USER_CENTERED_DESIGN-01	Swift: Create User Persona from Research	Người học có khả năng tổng hợp dữ liệu phỏng vấn/khảo sát Swift developer để tạo persona đại diện cho người dùng mục tiêu của ứng dụng iOS/macOS.	SPECIFIC_IMPL	CIO-USER_CENTERED_DESIGN-01	USER_CENTERED_DESIGN	APPLY	PROCEDURAL	project	1
SIO-SWIFT-USER_CENTERED_DESIGN-02	Swift: Map User Journey with SwiftUI Navigation	Người học có khả năng xây dựng user journey map tương ứng với NavigationStack, TabView, Sheet flow trong SwiftUI.	SPECIFIC_IMPL	CIO-USER_CENTERED_DESIGN-01	USER_CENTERED_DESIGN	APPLY	PROCEDURAL	project	2
SIO-SWIFT-LIST_OPERATIONS-01	Swift: Manipulate Array with Standard Library	Người học có khả năng sử dụng Array methods: append, insert, remove(at:), removeAll(where:), filter, map, compactMap, firstIndex(where:) để xử lý collection.	SPECIFIC_IMPL	CIO-LIST_OPERATIONS-01	LIST_OPERATIONS	APPLY	PROCEDURAL	code-review	3
SIO-SWIFT-LIST_OPERATIONS-02	Swift: Implement Custom Collection Conforming to Sequence	Người học có khả năng tạo type tùy chỉnh conform Sequence/Collection protocol để hỗ trợ for-in loop và standard library algorithms.	SPECIFIC_IMPL	CIO-LIST_OPERATIONS-01	LIST_OPERATIONS	CREATE	PROCEDURAL	project	4
SIO-SWIFT-PRIMITIVE_TYPE_DECLARATION-01	Swift: Choose Correct Integer Type	Người học có khả năng lựa chọn Int, Int8/16/32/64, UInt dựa trên miền giá trị và tối ưu bộ nhớ cho iOS/macOS.	SPECIFIC_IMPL	CIO-PRIMITIVE_TYPE_DECLARATION-01	PRIMITIVE_TYPE_DECLARATION	APPLY	PROCEDURAL	debugging-exercise	5
SIO-SWIFT-PRIMITIVE_TYPE_DECLARATION-02	Swift: Use Floating Point Types Correctly	Người học có khả năng phân biệt Float vs Double vs Decimal cho tính toán tài chính/khoa học, hiểu precision limit.	SPECIFIC_IMPL	CIO-PRIMITIVE_TYPE_DECLARATION-01	PRIMITIVE_TYPE_DECLARATION	APPLY	PROCEDURAL	debugging-exercise	6
SIO-SWIFT-COPYRIGHT_CREATIVE_COMMONS-01	Swift: Add License Header to Source Files	Người học có khả năng thêm SPDX license identifier (// SPDX-License-Identifier: MIT) và header bản quyền vào file Swift source.	SPECIFIC_IMPL	CIO-COPYRIGHT_CREATIVE_COMMONS-01	COPYRIGHT_CREATIVE_COMMONS	APPLY	PROCEDURAL	case-study	7
SIO-SWIFT-DESIGN_THINKING_PROCESS-01	Swift: Prototype App Flow with SwiftUI Preview	Người học có khả năng sử dụng SwiftUI Preview (#Preview) để tạo prototype tương tác nhanh cho các màn hình chính của ứng dụng.	SPECIFIC_IMPL	CIO-DESIGN_THINKING_PROCESS-01	DESIGN_THINKING_PROCESS	CREATE	METACOGNITIVE	project	8
SIO-SWIFT-DESIGN_THINKING_PROCESS-02	Swift: Test Accessibility with VoiceOver in Preview	Người học có khả năng bật VoiceOver simulation trong Xcode Preview để kiểm tra accessibility sớm trong giai đoạn prototype.	SPECIFIC_IMPL	CIO-DESIGN_THINKING_PROCESS-01	DESIGN_THINKING_PROCESS	APPLY	PROCEDURAL	project	9
SIO-SWIFT-ERROR_MESSAGES_CONCEPT-01	Swift: Decode Compiler Error in Xcode	Người học có khả năng đọc error navigator Xcode: "Consecutive statements on a line must be separated by ';'", "Type 'String' does not conform to protocol 'Numeric'", "Cannot find 'xxx' in scope".	SPECIFIC_IMPL	CIO-ERROR_MESSAGES_CONCEPT-01	ERROR_MESSAGES_CONCEPT	ANALYZE	PROCEDURAL	debugging-exercise	10
SIO-SWIFT-ERROR_MESSAGES_CONCEPT-02	Swift: Analyze Runtime Crash Log	Người học có khả năng đọc crash log (.crash file): Exception Type (EXC_BAD_INSTRUCTION, EXC_BREAKPOINT), Thread stack trace, register state.	SPECIFIC_IMPL	CIO-ERROR_MESSAGES_CONCEPT-01	ERROR_MESSAGES_CONCEPT	ANALYZE	PROCEDURAL	debugging-exercise	11
SIO-SWIFT-AI_BIAS-01	Swift: Audit Core ML Model for Bias	Người học có khả năng sử dụng Create ML / Python script để đánh giá fairness metrics (demographic parity, equal opportunity) trên Core ML model.	SPECIFIC_IMPL	CIO-AI_BIAS-01	AI_BIAS	EVALUATE	CONCEPTUAL	case-study	12
SIO-SWIFT-RUNTIME_ERRORS-01	Swift: Handle Optionals Safely	Người học có khả năng áp dụng optional binding (if let, guard let), nil-coalescing (??), optional chaining (?.) để tránh force-unwrap crash.	SPECIFIC_IMPL	CIO-RUNTIME_ERRORS-01	RUNTIME_ERRORS	APPLY	PROCEDURAL	code-review	13
SIO-SWIFT-RUNTIME_ERRORS-02	Swift: Implement do-try-catch for Throwing Functions	Người học có khả năng viết throwing function, gọi với do-try-catch, phân biệt try? (optional) vs try! (force) vs try (propagate).	SPECIFIC_IMPL	CIO-RUNTIME_ERRORS-01	RUNTIME_ERRORS	APPLY	PROCEDURAL	code-review	14
SIO-SWIFT-ASYNCHRONOUS_PROG_CONCEPT-01	Swift: Fetch Data with async/await	Người học có khả năng viết async function, gọi URLSession.shared.data(from:) với await, xử lý CancellationError.	SPECIFIC_IMPL	CIO-ASYNCHRONOUS_PROG_CONCEPT-01	ASYNCHRONOUS_PROG_CONCEPT	APPLY	PROCEDURAL	code-review	15
SIO-SWIFT-ASYNCHRONOUS_PROG_CONCEPT-02	Swift: Structured Concurrency with TaskGroup	Người học có khả năng sử dụng withTaskGroup / withThrowingTaskGroup để chạy nhiều tác vụ song song, thu thập kết quả, xử lý cancellation.	SPECIFIC_IMPL	CIO-ASYNCHRONOUS_PROG_CONCEPT-01	ASYNCHRONOUS_PROG_CONCEPT	CREATE	PROCEDURAL	project	16
SIO-SWIFT-IF_ELSE_STATEMENT-01	Swift: Write Guard Clause for Early Return	Người học có khả năng áp dụng guard let/guard else { return } pattern để kiểm tra điều kiện tiền đề và thoát sớm, giảm nested if.	SPECIFIC_IMPL	CIO-IF_ELSE_STATEMENT-01	IF_ELSE_STATEMENT	APPLY	PROCEDURAL	code-review	17
SIO-SWIFT-IF_ELSE_STATEMENT-02	Swift: Use Switch Expression for Pattern Matching	Người học có khả năng áp dụng switch trên enum với associated values, tuple matching, range matching, where clause.	SPECIFIC_IMPL	CIO-IF_ELSE_STATEMENT-01	IF_ELSE_STATEMENT	APPLY	PROCEDURAL	code-review	18
SIO-SWIFT-ARRAY_OPERATIONS-01	Swift: Manipulate Array with Higher-Order Functions	Người học có khả năng chain map/filter/reduce/sorted/prefix/suffix để xử lý mảng theo phong cách functional, tránh mutating loop.	SPECIFIC_IMPL	CIO-ARRAY_OPERATIONS-01	ARRAY_OPERATIONS	APPLY	PROCEDURAL	code-review	19
SIO-SWIFT-ARRAY_OPERATIONS-02	Swift: Binary Search on Sorted Array	Người học có khả năng áp dụng array.binarySearch (Swift 5.7+) hoặc tự implement binary search O(log n) trên mảng đã sắp xếp.	SPECIFIC_IMPL	CIO-ARRAY_OPERATIONS-01	ARRAY_OPERATIONS	APPLY	PROCEDURAL	debugging-exercise	20
SIO-SWIFT-COLOR_THEORY-01	Swift: Define Color Assets in Asset Catalog	Người học có khả năng tạo Color Set trong Assets.xcassets: Any Appearance, Dark/Light variants, High Contrast, sRGB vs P3.	SPECIFIC_IMPL	CIO-COLOR_THEORY-01	COLOR_THEORY	APPLY	PROCEDURAL	project	21
SIO-SWIFT-COLOR_THEORY-02	Swift: Calculate WCAG Contrast Ratio in Code	Người học có khả năng viết extension Color để tính contrast ratio theo công thức WCAG, kiểm tra pass AA/AAA level.	SPECIFIC_IMPL	CIO-COLOR_THEORY-01	COLOR_THEORY	ANALYZE	PROCEDURAL	project	22
SIO-SWIFT-INHERITANCE_SYNTAX-01	Swift: Override Method with Super Call	Người học có khả năng override method/viewDidLoad/viewWillAppear, gọi super.method(), hiểu initialization order (designated -> convenience).	SPECIFIC_IMPL	CIO-INHERITANCE_SYNTAX-01	INHERITANCE_SYNTAX	APPLY	PROCEDURAL	code-review	23
SIO-SWIFT-INHERITANCE_SYNTAX-02	Swift: Use Protocol Composition over Inheritance	Người học có khả năng thiết kế type conform nhiều protocol (ProtocolA & ProtocolB) thay vì subclass, áp dụng Protocol-Oriented Programming.	SPECIFIC_IMPL	CIO-INHERITANCE_SYNTAX-01	INHERITANCE_SYNTAX	APPLY	PROCEDURAL	code-review	24
SIO-SWIFT-WCAG_PRINCIPLES-01	Swift: Audit Accessibility with Accessibility Inspector	Người học có khả năng chạy Xcode Accessibility Inspector: kiểm tra label, trait, value, actions, hierarchy, contrast ratio, dynamic type.	SPECIFIC_IMPL	CIO-WCAG_PRINCIPLES-01	WCAG_PRINCIPLES	EVALUATE	CONCEPTUAL	case-study	25
SIO-SWIFT-WCAG_PRINCIPLES-02	Swift: Implement Dynamic Type Support	Người học có khả năng sử dụng .font(.system(.body, design: .rounded)) + .dynamicTypeSize(...) để hỗ trợ thay đổi cỡ chữ hệ thống.	SPECIFIC_IMPL	CIO-WCAG_PRINCIPLES-01	WCAG_PRINCIPLES	APPLY	PROCEDURAL	project	26
SIO-SWIFT-DIGITAL_FOOTPRINT-01	Swift: Implement App Privacy Report	Người học có khả năng cấu hình Info.plist (NSAppTrackingUsageDescription, NSCameraUsageDescription) và hiểu App Tracking Transparency framework.	SPECIFIC_IMPL	CIO-DIGITAL_FOOTPRINT-01	DIGITAL_FOOTPRINT	ANALYZE	CONCEPTUAL	case-study	27
SIO-SWIFT-IMPLICIT_EXPLICIT_ANIMATION-01	Swift: Apply Implicit Animation with .animation()	Người học có khả năng gắn .animation(.easeInOut, value: state) trên View để tự động animate khi state thay đổi (implicit).	SPECIFIC_IMPL	CIO-IMPLICIT_EXPLICIT_ANIMATION-01	IMPLICIT_EXPLICIT_ANIMATION	APPLY	PROCEDURAL	project	28
SIO-SWIFT-IMPLICIT_EXPLICIT_ANIMATION-02	Swift: Trigger Explicit Animation with withAnimation	Người học có khả năng bọc state mutation trong withAnimation(.spring) { state = newValue } để điều khiển chính xác timing (explicit).	SPECIFIC_IMPL	CIO-IMPLICIT_EXPLICIT_ANIMATION-01	IMPLICIT_EXPLICIT_ANIMATION	APPLY	PROCEDURAL	project	29
SIO-SWIFT-PHISHING_IDENTIFICATION-01	Swift: Detect Phishing URL with Regex	Người học có khả năng viết regex pattern để phát hiện URL giả mạo: homograph attack, subdomain spoofing, TLD manipulation.	SPECIFIC_IMPL	CIO-PHISHING_IDENTIFICATION-01	PHISHING_IDENTIFICATION	ANALYZE	CONCEPTUAL	case-study	30
SIO-SWIFT-CLASS_DEFINITION-01	Swift: Design Class with Stored/Computed Properties	Người học có khả năng định nghĩa class với stored property (let/var), computed property (get/set), property observer (willSet/didSet), lazy var.	SPECIFIC_IMPL	CIO-CLASS_DEFINITION-01	CLASS_DEFINITION	CREATE	PROCEDURAL	code-review	31
SIO-SWIFT-CLASS_DEFINITION-02	Swift: Apply @Observable Macro for State	Người học có khả năng sử dụng @Observable (Swift 5.9+) để tự động phát hành thay đổi property, thay thế ObservableObject/@Published.	SPECIFIC_IMPL	CIO-CLASS_DEFINITION-01	CLASS_DEFINITION	APPLY	PROCEDURAL	code-review	32
SIO-SWIFT-FIRST_CLASS_FUNCTIONS_CONCEPT-01	Swift: Use Trailing Closure Syntax	Người học có khả năng áp dụng trailing closure, multiple trailing closures (Swift 5.3+), shorthand argument ($0, $1) cho map/filter/reduce.	SPECIFIC_IMPL	CIO-FIRST_CLASS_FUNCTIONS_CONCEPT-01	FIRST_CLASS_FUNCTIONS_CONCEPT	APPLY	PROCEDURAL	code-review	33
SIO-SWIFT-FIRST_CLASS_FUNCTIONS_CONCEPT-02	Swift: Implement Custom Higher-Order Function	Người học có khả năng viết generic function nhận closure: func transform<T,U>(_ array: [T], _ transform: (T) throws -> U) rethrows -> [U].	SPECIFIC_IMPL	CIO-FIRST_CLASS_FUNCTIONS_CONCEPT-01	FIRST_CLASS_FUNCTIONS_CONCEPT	CREATE	PROCEDURAL	project	34
SIO-SWIFT-LEVEL_LAYOUT-01	Swift: Build Game Level with SpriteKit Scene Editor	Người học có khả năng sử dụng .sks Scene Editor để đặt node, physics body, constraints, particle emitter cho level 2D.	SPECIFIC_IMPL	CIO-LEVEL_LAYOUT-01	LEVEL_LAYOUT	CREATE	METACOGNITIVE	project	35
SIO-SWIFT-FOR_LOOP-01	Swift: Iterate with for-in and stride	Người học có khả năng sử dụng for i in 0..<n, for i in stride(from:0, to:n, by:2), for (index, element) in array.enumerated().	SPECIFIC_IMPL	CIO-FOR_LOOP-01	FOR_LOOP	APPLY	PROCEDURAL	debugging-exercise	36
SIO-SWIFT-FOR_LOOP-02	Swift: Use forEach vs for-in for Side Effects	Người học có khả năng phân biệt array.forEach (không break/continue) vs for-in (hỗ trợ control flow), chọn phù hợp ngữ cảnh.	SPECIFIC_IMPL	CIO-FOR_LOOP-01	FOR_LOOP	APPLY	PROCEDURAL	code-review	37
SIO-SWIFT-REFERENCE_TYPE_DECLARATION-01	Swift: Distinguish Class vs Struct Semantics	Người học có khả năng chọn class (reference, heap, identity, inheritance) vs struct (value, stack, copy-on-write, no inheritance) đúng ngữ cảnh.	SPECIFIC_IMPL	CIO-REFERENCE_TYPE_DECLARATION-01	REFERENCE_TYPE_DECLARATION	APPLY	CONCEPTUAL	code-review	38
SIO-SWIFT-REFERENCE_TYPE_DECLARATION-02	Swift: Use Weak/Unowned for Reference Cycles	Người học có khả năng áp dụng weak self / unowned self trong closure để tránh retain cycle, hiểu capture list [weak self].	SPECIFIC_IMPL	CIO-REFERENCE_TYPE_DECLARATION-01	REFERENCE_TYPE_DECLARATION	APPLY	PROCEDURAL	debugging-exercise	39
SIO-SWIFT-ACCESS_MODIFIERS-01	Swift: Apply Access Control Levels	Người học có khả năng sử dụng open, public, internal, fileprivate, private, package (Swift 5.9+) đúng module boundary.	SPECIFIC_IMPL	CIO-ACCESS_MODIFIERS-01	ACCESS_MODIFIERS	APPLY	PROCEDURAL	code-review	40
SIO-SWIFT-SWITCH_CASE-01	Swift: Pattern Match Enum with Associated Values	Người học có khả năng switch trên enum case let .success(value), case .failure(let error), case .loading(progress) where progress > 0.5.	SPECIFIC_IMPL	CIO-SWITCH_CASE-01	SWITCH_CASE	APPLY	PROCEDURAL	code-review	41
SIO-SWIFT-SWITCH_CASE-02	Swift: Use Switch Expression (Swift 5.0+)	Người học có khả năng gán kết quả switch vào biến: let result = switch x { case 1: "one"; case 2: "two"; default: "other" }.	SPECIFIC_IMPL	CIO-SWITCH_CASE-01	SWITCH_CASE	APPLY	PROCEDURAL	code-review	42
SIO-SWIFT-COMPOSITION_PRINCIPLES-01	Swift: Apply GeometryReader for Responsive Layout	Người học có khả năng sử dụng GeometryReader { proxy in ... } để lấy size/safeAreaInsets, xây dựng layout thích ứng container.	SPECIFIC_IMPL	CIO-COMPOSITION_PRINCIPLES-01	COMPOSITION_PRINCIPLES	APPLY	PROCEDURAL	project	43
SIO-SWIFT-COMPOSITION_PRINCIPLES-02	Swift: Implement Rule of Thirds Grid Overlay	Người học có khả năng vẽ overlay 3x3 grid (Path + stroke) trên View để kiểm tra composition theo quy tắc 1/3.	SPECIFIC_IMPL	CIO-COMPOSITION_PRINCIPLES-01	COMPOSITION_PRINCIPLES	APPLY	PROCEDURAL	project	44
SIO-SWIFT-ALGORITHMIC_BIAS_SOCIETY-01	Swift: Audit HealthKit Data for Representation Bias	Người học có khả năng phân tích dữ liệu HealthKit (step count, heart rate, sleep) để phát hiện bias theo độ tuổi, giới tính, vùng địa lý.	SPECIFIC_IMPL	CIO-ALGORITHMIC_BIAS_SOCIETY-01	ALGORITHMIC_BIAS_SOCIETY	EVALUATE	CONCEPTUAL	case-study	45
SIO-SWIFT-OBJECT_INSTANTIATION-01	Swift: Initialize with Designated/Convenience Initializer	Người học có khả năng viết designated init (khởi tạo toàn bộ stored property), convenience init (delegate to designated), required init.	SPECIFIC_IMPL	CIO-OBJECT_INSTANTIATION-01	OBJECT_INSTANTIATION	APPLY	PROCEDURAL	code-review	46
SIO-SWIFT-OBJECT_INSTANTIATION-02	Swift: Use Factory Method Pattern	Người học có khả năng viết static factory method: static func makeDefault() -> Self { Self(...) } để ẩn logic khởi tạo phức tạp.	SPECIFIC_IMPL	CIO-OBJECT_INSTANTIATION-01	OBJECT_INSTANTIATION	APPLY	PROCEDURAL	code-review	47
SIO-SWIFT-EVENT_BASED_PROGRAMMING-01	Swift: Implement Combine Publisher/Subscriber	Người học có khả năng tạo PassthroughSubject/CurrentValueSubject, sink(receiveValue:), assign(to:on:), cancellable bag.	SPECIFIC_IMPL	CIO-EVENT_BASED_PROGRAMMING-01	EVENT_BASED_PROGRAMMING	APPLY	PROCEDURAL	code-review	48
SIO-SWIFT-EVENT_BASED_PROGRAMMING-02	Swift: Use AsyncSequence for Event Stream	Người học có khả năng conform AsyncSequence, implement makeAsyncIterator, for await event in stream { ... } để xử lý luồng sự kiện.	SPECIFIC_IMPL	CIO-EVENT_BASED_PROGRAMMING-01	EVENT_BASED_PROGRAMMING	CREATE	PROCEDURAL	project	49
SIO-SWIFT-SYNTAX_ERRORS-01	Swift: Fix Common Compiler Errors	Người học có khả năng sửa: "Expected expression", "Consecutive statements", "Use of unresolved identifier", "Cannot assign to value: 'x' is a 'let' constant".	SPECIFIC_IMPL	CIO-SYNTAX_ERRORS-01	SYNTAX_ERRORS	ANALYZE	PROCEDURAL	debugging-exercise	50
SIO-SWIFT-TYPOGRAPHY_AND_VISUAL_HIERARCHY-01	Swift: Define Text Styles with Font.System	Người học có khả năng tạo consistent text style: .font(.system(.title, design: .rounded, weight: .bold)), .font(.caption), .font(.footnote).	SPECIFIC_IMPL	CIO-TYPOGRAPHY_AND_VISUAL_HIERARCHY-01	TYPOGRAPHY_AND_VISUAL_HIERARCHY	APPLY	PROCEDURAL	project	51
SIO-SWIFT-TYPOGRAPHY_AND_VISUAL_HIERARCHY-02	Swift: Implement Dynamic Type Scaling	Người học có khả năng dùng @ScaledMetric cho spacing, UIFontMetrics(forTextStyle: .body).scaledFont(for:) cho custom font.	SPECIFIC_IMPL	CIO-TYPOGRAPHY_AND_VISUAL_HIERARCHY-01	TYPOGRAPHY_AND_VISUAL_HIERARCHY	APPLY	PROCEDURAL	project	52
SIO-SWIFT-TWO_WAY_BINDING-01	Swift: Bind Child View with @Binding	Người học có khả năng định nghĩa @Binding var value: Type trong child view, truyền binding từ parent: ChildView(value: $parentValue).	SPECIFIC_IMPL	CIO-TWO_WAY_BINDING-01	TWO_WAY_BINDING	APPLY	PROCEDURAL	code-review	53
SIO-SWIFT-TWO_WAY_BINDING-02	Swift: Create Custom Binding with get/set	Người học có khả năng tạo Binding(get: { ... }, set: { ... }) để biến đổi giá trị khi đọc/ghi (ví dụ: format currency, validate input).	SPECIFIC_IMPL	CIO-TWO_WAY_BINDING-01	TWO_WAY_BINDING	CREATE	PROCEDURAL	project	54
SIO-SWIFT-BREAKPOINTS-01	Swift: Debug with LLDB Commands	Người học có khả năng dùng lldb: po variable, p/x pointer, bt (backtrace), frame variable, expr -- Swift expression, watchpoint set variable.	SPECIFIC_IMPL	CIO-BREAKPOINTS-01	BREAKPOINTS	APPLY	PROCEDURAL	debugging-exercise	55
SIO-SWIFT-BREAKPOINTS-02	Swift: Set Conditional Breakpoint in Xcode	Người học có khả năng đặt breakpoint có điều kiện: Edit Breakpoint > Condition > expression (e.g., index == 5 && item.isValid).	SPECIFIC_IMPL	CIO-BREAKPOINTS-01	BREAKPOINTS	APPLY	PROCEDURAL	debugging-exercise	56
SIO-SWIFT-VERSION_CONTROL_WORKFLOW-01	Swift: Write Conventional Commit Message	Người học có khả năng viết commit message: feat(scope): description, fix(scope): description, chore: ..., refactor: ... theo Conventional Commits.	SPECIFIC_IMPL	CIO-VERSION_CONTROL_WORKFLOW-01	VERSION_CONTROL_WORKFLOW	APPLY	PROCEDURAL	project	57
SIO-SWIFT-VERSION_CONTROL_WORKFLOW-02	Swift: Resolve Merge Conflict in Xcode	Người học có khả năng dùng Source Control Navigator > Conflicts > Resolve: chọn Left/Right/Both, chỉnh sửa manual, mark resolved.	SPECIFIC_IMPL	CIO-VERSION_CONTROL_WORKFLOW-01	VERSION_CONTROL_WORKFLOW	APPLY	PROCEDURAL	debugging-exercise	58
SIO-SWIFT-LOCAL_VIEW_STATE-01	Swift: Manage Ephemeral State with @State	Người học có khả năng khai báo @State private var count = 0, hiểu ownership: parent sở hữu, child nhận @Binding nếu cần chia sẻ.	SPECIFIC_IMPL	CIO-LOCAL_VIEW_STATE-01	LOCAL_VIEW_STATE	APPLY	PROCEDURAL	code-review	59
SIO-SWIFT-LOCAL_VIEW_STATE-02	Swift: Use @StateObject for Reference Type State	Người học có khả năng phân biệt @State (value type) vs @StateObject (reference type, ObservableObject), tránh tạo mới mỗi render.	SPECIFIC_IMPL	CIO-LOCAL_VIEW_STATE-01	LOCAL_VIEW_STATE	APPLY	PROCEDURAL	code-review	60
SIO-SWIFT-WIREFRAMING-01	Swift: Create Low-Fi Wireframe in Figma for iOS	Người học có khả năng vẽ wireframe iOS: safe area, navigation bar, tab bar, standard spacing (16/20/24pt), SF Symbols placeholder.	SPECIFIC_IMPL	CIO-WIREFRAMING-01	WIREFRAMING	CREATE	METACOGNITIVE	project	61
SIO-SWIFT-WIREFRAMING-02	Swift: Prototype Navigation Flow in Figma	Người học có khả năng tạo interactive prototype: tap navigation link -> push detail, swipe down -> dismiss sheet, tab switch.	SPECIFIC_IMPL	CIO-WIREFRAMING-01	WIREFRAMING	APPLY	PROCEDURAL	project	62
SIO-SWIFT-LOGIC_ERRORS-01	Swift: Use git bisect to Find Regression	Người học có khả năng chạy git bisect start HEAD <good-commit>, test từng commit, git bisect good/bad, tự động tìm commit gây bug.	SPECIFIC_IMPL	CIO-LOGIC_ERRORS-01	LOGIC_ERRORS	ANALYZE	PROCEDURAL	debugging-exercise	63
SIO-SWIFT-LOGIC_ERRORS-02	Swift: Print Debug with CustomStringConvertible	Người học có khả năng conform CustomStringConvertible / CustomDebugStringConvertible để in object có ý nghĩa trong console/debugger.	SPECIFIC_IMPL	CIO-LOGIC_ERRORS-01	LOGIC_ERRORS	APPLY	PROCEDURAL	debugging-exercise	64
SIO-SWIFT-WHILE_LOOP-01	Swift: Use while for Condition-Controlled Loop	Người học có khả năng viết while condition { ... }, hiểu pre-test loop, tránh infinite loop bằng cách cập nhật biến điều kiện trong body.	SPECIFIC_IMPL	CIO-WHILE_LOOP-01	WHILE_LOOP	APPLY	PROCEDURAL	debugging-exercise	65
SIO-SWIFT-WHILE_LOOP-02	Swift: Use repeat-while for Post-Test Loop	Người học có khả năng viết repeat { ... } while condition (do-while equivalent), đảm bảo body chạy ít nhất 1 lần.	SPECIFIC_IMPL	CIO-WHILE_LOOP-01	WHILE_LOOP	APPLY	PROCEDURAL	debugging-exercise	66
SIO-SWIFT-OBJECT_PROPERTIES-01	Swift: Implement Computed Property with Caching	Người học có khả năng viết computed property với private cached backing: private var _cache: Type?; var computed: Type { if let c = _cache { return c }; _cache = expensive(); return _cache! }.	SPECIFIC_IMPL	CIO-OBJECT_PROPERTIES-01	OBJECT_PROPERTIES	APPLY	PROCEDURAL	code-review	67
SIO-SWIFT-OBJECT_PROPERTIES-02	Swift: Use @Observable with @Bindable for Two-Way	Người học có khả năng dùng @Bindable (Swift 5.9+) trên @Observable object để tạo binding: Bindable(viewModel).property.	SPECIFIC_IMPL	CIO-OBJECT_PROPERTIES-01	OBJECT_PROPERTIES	APPLY	PROCEDURAL	code-review	68
SIO-SWIFT-INFORMATION_CREDIBILITY-01	Swift: Verify App Store Metadata Accuracy	Người học có khả năng kiểm tra App Store Connect metadata: version, what's new, keywords, privacy nutrition labels, age rating.	SPECIFIC_IMPL	CIO-INFORMATION_CREDIBILITY-01	INFORMATION_CREDIBILITY	EVALUATE	CONCEPTUAL	case-study	69