code	name	description	topic_codes	keywords	cs2023_ka_mapping	metadata	sequence_order
CPU_ARCHITECTURE	CPU Architecture	Phân biệt kiến trúc von Neumann và Harvard, và vai trò của các khối chức năng chính là ALU và CU.	HW_CPU	von Neumann, Harvard, ALU, Control Unit	AR	"{""icon"": ""microchip""}"	1
FETCH_DECODE_EXECUTE	Fetch-Decode-Execute Cycle	Mô tả chu trình lệnh cơ bản mà một CPU thực hiện để xử lý một chỉ lệnh: lấy lệnh, giải mã lệnh, và thực thi lệnh.	HW_CPU	instruction cycle, fetch, decode, execute	AR	"{""icon"": ""sync-alt""}"	2
MEMORY_TYPES	Memory Types	Phân biệt giữa RAM (bộ nhớ truy cập ngẫu nhiên, khả biến) và ROM (bộ nhớ chỉ đọc, bất biến).	HW_MEMORY	RAM, ROM, volatile, non-volatile	AR	"{""icon"": ""memory""}"	3
CACHE_HIERARCHY	Cache Hierarchy	Hiểu vai trò của các cấp bộ nhớ đệm (L1, L2, L3) trong việc tăng tốc độ truy cập dữ liệu bằng cách tận dụng tính cục bộ (locality).	HW_MEMORY	cache, L1 cache, L2 cache, locality	AR	"{""icon"": ""layer-group""}"	4
HDD_VS_SSD	HDD vs. SSD	So sánh sự khác biệt về cấu tạo, nguyên lý hoạt động, tốc độ và độ bền giữa ổ cứng cơ (HDD) và ổ cứng thể rắn (SSD).	HW_STORAGE	HDD, SSD, storage, persistent	AR	"{""icon"": ""hdd""}"	5
IO_METHODS_POLLING_INTERRUPT	I/O Methods: Polling vs. Interrupt	So sánh hai phương pháp chính để xử lý I/O: chủ động kiểm tra liên tục (Polling) và bị động chờ tín hiệu ngắt (Interrupt).	IO_MECHANISMS	polling, interrupt, I/O management	AR, OS	"{""icon"": ""exchange-alt""}"	6
DMA_CONCEPT	Direct Memory Access (DMA)	Hiểu khái niệm Truy cập Bộ nhớ Trực tiếp (DMA), cho phép các thiết bị phần cứng truy cập bộ nhớ chính độc lập với CPU.	IO_MECHANISMS	DMA, direct memory access, hardware	AR, OS	"{""icon"": ""forward""}"	7
PROCESS_VS_THREAD	Process vs. Thread	Phân biệt sự khác nhau giữa một tiến trình (một chương trình đang chạy với không gian bộ nhớ riêng) và một luồng (một luồng thực thi trong một tiến trình).	OS_PROCESS_MGMT	process, thread, multitasking, multithreading	OS	"{""icon"": ""tasks""}"	8
SCHEDULING_ALGORITHMS	CPU Scheduling Algorithms	Giới thiệu các thuật toán lập lịch CPU cơ bản như FCFS (First-Come, First-Served), SJF (Shortest Job First), và Round Robin.	OS_PROCESS_MGMT	scheduling, FCFS, SJF, Round Robin	OS	"{""icon"": ""calendar-alt""}"	9
VIRTUAL_MEMORY	Virtual Memory Concept	Hiểu khái niệm bộ nhớ ảo và lợi ích của nó trong việc cho phép mỗi tiến trình có một không gian địa chỉ riêng biệt và lớn hơn bộ nhớ vật lý.	OS_MEMORY_MGMT	virtual memory, address space, paging	OS, AR	"{""icon"": ""map""}"	10
FILE_ALLOCATION	File Allocation Methods	Khám phá các phương pháp cấp phát không gian cho tệp tin trên đĩa, bao gồm cấp phát liên tục, liên kết (danh sách móc nối), và chỉ mục.	OS_FILE_SYSTEMS	file allocation, contiguous, linked, indexed	OS	"{""icon"": ""file-invoice""}"	11
TROUBLESHOOTING_METHODOLOGY_CONCEPT	Systematic Troubleshooting	Áp dụng một quy trình có hệ thống (xác định vấn đề, giả thuyết, kiểm tra, xác nhận) để giải quyết sự cố phần cứng và phần mềm.	TROUBLESHOOTING_METHODOLOGY	troubleshooting, diagnostics, problem solving	SDF, SE	"{""icon"": ""search""}"	12
ERROR_MESSAGES_CONCEPT	Interpreting Error Messages	Kỹ năng đọc và hiểu các thông báo lỗi do chương trình hoặc hệ điều hành cung cấp để xác định nguyên nhân sự cố.	ERROR_MESSAGES	error handling, exceptions, debugging, log analysis	SDF, SE	"{""icon"": ""exclamation-triangle""}"	13
ARDUINO_BASICS	microcontroller Basics	Nắm vững cấu trúc cơ bản của một chương trình microcontroller (sketch) với hai hàm chính là setup() (chạy một lần) và loop() (chạy lặp lại).	MCU_PLATFORMS	microcontroller, sketch, setup, loop	SPD	"{""icon"": ""code""}"	14
SBC_BASICS	Single Board Computer Basics	Nhận biết máy tính đơn bo (SBC) và hiểu cách tương tác với hệ điều hành nhúng.	MCU_PLATFORMS	sbc, embedded os, linux-based	SPD	"{""icon"": ""microchip""}"	15
DIGITAL_ANALOG_IO	Digital vs. Analog I/O Pins	Phân biệt chức năng của các chân I/O số (đọc/ghi giá trị HIGH/LOW) và các chân I/O tương tự (đọc giá trị trong một khoảng liên tục).	GPIO_PROG	digital I/O, analog I/O, GPIO, HIGH, LOW	SPD	"{""icon"": ""wave-square""}"	16
PWM	Pulse Width Modulation (PWM)	Hiểu và sử dụng kỹ thuật Điều chế Độ rộng Xung (PWM) để giả lập tín hiệu tương tự, thường dùng để điều khiển độ sáng LED hoặc tốc độ động cơ.	GPIO_PROG	PWM, analogWrite, duty cycle	SPD	"{""icon"": ""chart-area""}"	17
TEMP_HUMIDITY_SENSORS	Reading Temp/Humidity Sensors	Sử dụng thư viện để đọc dữ liệu từ các cảm biến nhiệt độ và độ ẩm kỹ thuật số phổ biến như DHT11 hoặc DHT22.	SENSOR_TYPES,HW_IO,IOT_DEVICES_SENSORS	DHT11, temperature sensor, humidity sensor	SPD	"{""icon"": ""thermometer-half""}"	18
LIGHT_MOTION_SENSORS	Reading Light/Motion Sensors	Sử dụng cảm biến quang trở (LDR) để đo cường độ ánh sáng và cảm biến hồng ngoại thụ động (PIR) để phát hiện chuyển động.	SENSOR_TYPES,HW_IO,IOT_DEVICES_SENSORS	LDR, photoresistor, PIR sensor, motion detection	SPD	"{""icon"": ""lightbulb""}"	19
MOTOR_CONTROL	DC Motor and Servo Control	Phân biệt và điều khiển hai loại động cơ phổ biến: động cơ DC (điều khiển tốc độ) và động cơ Servo (điều khiển vị trí/góc).	ACTUATOR_CONTROL,EMBEDDED_SYSTEMS,ROBOT_KINEMATICS,ROBOT_CONTROL,HW_IO	DC motor, servo motor, actuator control	SPD	"{""icon"": ""fan""}"	20
ROUTERS_SWITCHES_CONCEPT	Routers and Switches	Phân biệt chức năng của router (định tuyến giữa các mạng) và switch (kết nối các thiết bị trong cùng một mạng).	ROUTERS_SWITCHES	router, switch, LAN, WAN, networking hardware	NC	"{""icon"": ""ethernet""}"	21
PHYSICAL_MEDIA_CONCEPT	Physical Media & Wireless	So sánh các phương tiện truyền dẫn vật lý (cáp xoắn đôi, cáp quang) và các công nghệ không dây (Wi-Fi, Bluetooth).	PHYSICAL_MEDIA	Ethernet cable, fiber optic, Wi-Fi, Bluetooth	NC	"{""icon"": ""wifi""}"	22
NETWORK_TOPOLOGIES_CONCEPT	Network Topologies	Nhận biết các cấu trúc liên kết mạng phổ biến như Star (Hình sao), Bus, Ring (Vòng), và Mesh (Lưới).	NETWORK_TOPOLOGIES	topology, star, bus, ring, mesh	NC	"{""icon"": ""sitemap""}"	23
ABSTRACTION_LAYERS	Layers of Abstraction	Hiểu cách các hệ thống phức tạp được xây dựng dựa trên nhiều lớp trừu tượng, mỗi lớp che giấu chi tiết của lớp dưới.	ALGO_STRATEGIES	abstraction, layers, information hiding	SDF, SE	"{""icon"": ""layer-group""}"	24
PROBLEM_DECOMPOSITION	Problem Decomposition	Kỹ thuật chia một vấn đề lớn và phức tạp thành các vấn đề con nhỏ hơn, dễ quản lý hơn, là một phần cốt lõi của tư duy tính toán.	ALGO_STRATEGIES,PROBLEM_DECOMPOSITION_PATTERNS	divide and conquer, modularization, problem solving, sub-problems, system breakdown,decomposition,problem decomposition	AL, SE,AL,SDF	"{""icon"": ""puzzle-piece""}"	25
CREATIONAL_PATTERNS	Creational Design Patterns	Hiểu mục đích của các mẫu thiết kế khởi tạo, như Singleton (đảm bảo một lớp chỉ có một thể hiện) và Factory (tạo đối tượng mà không cần chỉ rõ lớp cụ thể).	CLASSES_OBJECTS	creational patterns, singleton, factory	SE	"{""icon"": ""plus-square""}"	26
STRUCTURAL_PATTERNS	Structural Design Patterns	Hiểu mục đích của các mẫu thiết kế cấu trúc, như Adapter (cho phép các giao diện không tương thích làm việc với nhau) và Decorator (thêm chức năng cho đối tượng một cách linh hoạt).	CLASSES_OBJECTS	structural patterns, adapter, decorator	SE	"{""icon"": ""sitemap""}"	27
BEHAVIORAL_PATTERNS	Behavioral Design Patterns	Hiểu mục đích của các mẫu thiết kế hành vi, như Observer (định nghĩa sự phụ thuộc một-nhiều) và Strategy (cho phép chọn thuật toán lúc chạy).	CLASSES_OBJECTS	behavioral patterns, observer, strategy	SE	"{""icon"": ""directions""}"	28
AGILE_PRINCIPLES	Agile Principles	Nắm vững các nguyên tắc cốt lõi của phát triển phần mềm linh hoạt, như ưu tiên sự hài lòng của khách hàng và thích ứng với thay đổi.	AGILE_SCRUM	Agile, manifesto, iterative development	SE	"{""icon"": ""users-class""}"	29
SCRUM_ROLES_EVENTS	Scrum Roles and Events	Nhận biết các vai trò (Product Owner, Scrum Master) và các sự kiện (Sprint, Daily Standup, Retrospective) trong khuôn khổ Scrum.	AGILE_SCRUM	Scrum, sprint, standup, backlog, roles	SE	"{""icon"": ""users-cog""}"	30
VERSION_CONTROL_WORKFLOW	Version Control Workflow	Hiểu và áp dụng một quy trình làm việc với Git, như Git Flow, để quản lý các nhánh (feature, develop, release) một cách hiệu quả trong nhóm.	GIT_BASICS	Git workflow, Git Flow, branching strategy	SE	"{""icon"": ""code-branch""}"	31
FRONTEND_FRAMEWORKS	Frontend Frameworks/Libraries	Hiểu vai trò của các thư viện/framework như component-based frontend framework, progressive frontend framework, full-featured frontend framework trong việc xây dựng các giao diện người dùng tương tác và có cấu trúc.	HTML_CSS	frameworks, component-based frontend framework, full-featured frontend framework, progressive frontend framework, SPA	SPD	"{""icon"": ""component-based frontend framework""}"	32
BACKEND_FRAMEWORKS	Backend Frameworks	Hiểu vai trò của các backend web framework trong việc tăng tốc xây dựng logic và API phía máy chủ.	SERVER_SIDE_LOGIC	frameworks, full-stack web framework, backend web framework, enterprise application framework, backend	SPD	"{""icon"": ""server""}"	33
RELATIONAL_VS_NONRELATIONAL	Relational vs. NoSQL Databases	So sánh sự khác biệt cơ bản giữa cơ sở dữ liệu quan hệ (SQL) và không quan hệ (NoSQL) về mô hình dữ liệu, tính nhất quán và khả năng mở rộng.	RELATIONAL_DB	SQL vs NoSQL, relational, non-relational	DM	"{""icon"": ""database""}"	34
DATA_EXPLORATION_EDA	Exploratory Data Analysis (EDA)	Hiểu quy trình Phân tích Dữ liệu Khám phá để tóm tắt các đặc điểm chính của tập dữ liệu, thường bằng các phương pháp trực quan.	DATA_VIS_TOOLS	EDA, data exploration, data analysis	DM	"{""icon"": ""search-plus""}"	35
DATA_CLEANING_TECHNIQUES	Data Cleaning Techniques	Nắm vững các kỹ thuật cơ bản để xử lý dữ liệu bị thiếu (missing values), dữ liệu nhiễu (noise) và dữ liệu không nhất quán.	DATA_VIS_TOOLS	data cleaning, preprocessing, missing data	DM	"{""icon"": ""broom""}"	36
CHART_TYPES	Choosing Appropriate Chart Types	Nắm vững cách lựa chọn loại biểu đồ phù hợp (cột, đường, tròn, phân tán) để biểu diễn các loại dữ liệu và thông điệp khác nhau.	DATA_VIS_TOOLS	charts, graphs, visualization, chart selection	GIT	"{""icon"": ""chart-pie-alt""}"	37
CLOUD_MODELS_IAAS_PAAS_SAAS	Cloud Service Models	Phân biệt ba mô hình dịch vụ điện toán đám mây chính: IaaS (Cơ sở hạ tầng), PaaS (Nền tảng), và SaaS (Phần mềm như một Dịch vụ).	SERVER_SIDE_LOGIC	IaaS, PaaS, SaaS, cloud services	PDC	"{""icon"": ""cloud""}"	38
CLOUD_DEPLOYMENT_MODELS	Cloud Deployment Models	Phân biệt các mô hình triển khai đám mây: Public, Private, và Hybrid Cloud.	APP_DEPLOYMENT,EDGE_FOG_CLOUD	public cloud, private cloud, hybrid cloud	PDC	"{""icon"": ""cloud-upload-alt""}"	39
VIRTUALIZATION	Virtualization Concept	Hiểu công nghệ ảo hóa, cho phép tạo ra các phiên bản ảo của tài nguyên máy tính như máy chủ, hệ điều hành, hoặc mạng.	OS_PROCESS_MGMT	virtualization, VM, hypervisor	OS, PDC	"{""icon"": ""desktop""}"	40
MAPREDUCE_CONCEPT	MapReduce Concept	Hiểu mô hình lập trình MapReduce để xử lý song song các tập dữ liệu lớn, bao gồm hai bước chính là map và reduce.	ALGO_STRATEGIES	MapReduce, big data, distributed processing	PDC	"{""icon"": ""stream""}"	41
CAP_THEOREM	CAP Theorem	Nắm vững định lý CAP (Consistency, Availability, Partition tolerance) và sự đánh đổi của nó trong các hệ thống phân tán.	SERVER_SIDE_LOGIC	CAP theorem, distributed systems, consistency	PDC	"{""icon"": ""balance-scale-right""}"	42
REGRESSION_CLASSIFICATION	Regression vs. Classification	Phân biệt hai loại bài toán chính trong học có giám sát: dự đoán giá trị liên tục (hồi quy) và dự đoán nhãn (phân loại).	SUPERVISED_LEARNING	regression, classification, supervised learning	AI	"{""icon"": ""file-invoice""}"	43
CLUSTERING_ALGORITHMS	Clustering Algorithms	Hiểu khái niệm phân cụm và các thuật toán cơ bản như K-Means để nhóm các điểm dữ liệu tương tự lại với nhau.	UNSUPERVISED_LEARNING	clustering, K-Means, unsupervised learning	AI	"{""icon"": ""shapes""}"	44
NEURAL_NETWORKS_BASICS	Neural Networks Basics	Nắm vững các thành phần cơ bản của mạng nơ-ron nhân tạo, bao gồm nơ-ron, lớp (layer), trọng số và hàm kích hoạt.	SUPERVISED_LEARNING	neural network, neuron, layer, activation function	AI	"{""icon"": ""brain-circuit""}"	45
AI_HISTORY_MILESTONES	History and Milestones of AI	Nhận biết các cột mốc lịch sử quan trọng trong sự phát triển của AI, từ phép thử Turing đến sự bùng nổ của Deep Learning.	SUPERVISED_LEARNING	AI history, Turing test, deep learning	AI, SEP	"{""icon"": ""monument""}"	46
TYPES_OF_AI	Types of AI: Narrow vs. General	Phân biệt giữa AI hẹp (chuyên cho một nhiệm vụ cụ thể) và AI tổng quát (có khả năng trí tuệ như con người).	SUPERVISED_LEARNING	narrow AI, general AI, AGI, strong AI	AI	"{""icon"": ""brain""}"	47
REINFORCEMENT_LEARNING_BASICS	Reinforcement Learning Basics	Nắm vững các thành phần cốt lõi của học tăng cường: tác nhân (agent), môi trường (environment), hành động (action), trạng thái (state), và phần thưởng (reward).	REINFORCEMENT_LEARNING	reinforcement learning, agent, reward, RL	AI	"{""icon"": ""gamepad-alt""}"	48
AI_BIAS	Bias in AI	Hiểu cách thiên vị trong dữ liệu huấn luyện hoặc trong thiết kế thuật toán có thể dẫn đến các quyết định không công bằng từ hệ thống AI.	USER_RESEARCH	AI bias, fairness, ethics, training data	AI, SEP	"{""icon"": ""balance-scale""}"	49
ALGORITHMIC_BIAS_SOCIETY	Algorithmic Bias in Society	Phân tích cách các thuật toán có thể tạo ra hoặc khuếch đại các thành kiến xã hội, dẫn đến các quyết định không công bằng trong đời sống.	USER_RESEARCH	algorithmic bias, fairness, ethics, societal impact	SEP, AI	"{""icon"": ""balance-scale""}"	50
IOT_PROTOCOLS_MQTT_CONCEPT	IoT Messaging Protocols (MQTT)	Hiểu nguyên lý hoạt động của giao thức MQTT theo mô hình publish-subscribe, được thiết kế cho các thiết bị IoT.	IOT_PROTOCOLS_MQTT,ENCRYPTION_PROTOCOLS	MQTT, publish-subscribe, IoT protocols	NC, SPD	"{""icon"": ""envelope-open-text""}"	51
IOT_SECURITY_THREATS	Common IoT Security Threats	Nhận biết các mối đe dọa bảo mật đặc thù cho thiết bị IoT, như tấn công vào firmware, mật khẩu mặc định yếu, và các giao thức không an toàn.	NETWORK_ATTACKS,FIREWALLS_IDS	IoT security, firmware, botnet	SEC	"{""icon"": ""shield-virus""}"	52
IOT_SAFETY_RISKS	IoT Safety Risks	Phân tích các rủi ro về an toàn vật lý do hệ thống IoT gây ra, ví dụ như lỗi trong xe tự lái, thiết bị y tế, hoặc nhà thông minh.	NETWORK_ATTACKS	IoT safety, physical risk, critical systems	SEP, SEC	"{""icon"": ""car-crash""}"	53
RENDERING_PIPELINE	Graphics Rendering Pipeline	Hiểu các giai đoạn chính trong quy trình kết xuất đồ họa, từ mô hình 3D đến các pixel cuối cùng trên màn hình.	RENDERING_CONCEPTS,RENDERING	rendering pipeline, vertex shader, fragment shader	GIT	"{""icon"": ""stream""}"	54
SIMULATION_MODELING	Simulation Modeling	Hiểu các kỹ thuật xây dựng mô hình toán học và tính toán để mô phỏng một hệ thống hoặc hiện tượng trong thế giới thực.	ALGO_STRATEGIES	simulation, modeling, physics engine	GIT	"{""icon"": ""project-diagram""}"	55
2D_3D_TRANSFORMATIONS_MATH	2D/3D Geometric Transformations	Hiểu cách sử dụng các phép toán ma trận cơ bản cho việc tịnh tiến (translation), quay (rotation), và co giãn (scaling) các đối tượng.	GEOMETRIC_TRANSFORMATIONS	transformations, matrix, translation, rotation, scaling	GIT, MSF	"{""icon"": ""ruler-combined""}"	56
USER_CENTERED_DESIGN	User-Centered Design Process	Hiểu quy trình thiết kế lấy người dùng làm trung tâm, nhấn mạnh việc thấu hiểu và đáp ứng nhu cầu của người dùng ở mọi giai đoạn.	USER_RESEARCH	UCD, user-centered, design thinking	HCI	"{""icon"": ""user-check""}"	57
PERSONAS_AND_SCENARIOS	Personas and Scenarios	Nắm vững kỹ thuật tạo ra các hồ sơ người dùng hư cấu (personas) và các kịch bản sử dụng (scenarios) để định hướng thiết kế.	USER_RESEARCH	persona, scenario, user story	HCI	"{""icon"": ""user-tie""}"	58
AFFORDANCES_SIGNIFIERS	Affordances and Signifiers	"Phân biệt khái niệm ""khả năng"" (affordances - những gì một đối tượng có thể làm) và ""dấu hiệu"" (signifiers - gợi ý trực quan về cách sử dụng)."	UI_UX_HEURISTICS,UI_CONTROLS,DECLARATIVE_UI_MODEL	affordance, signifier, discoverability	HCI	"{""icon"": ""lightbulb-on""}"	59
FEEDBACK_AND_RESPONSE	Feedback and System Response	Hiểu tầm quan trọng của việc cung cấp phản hồi ngay lập tức và rõ ràng cho các hành động của người dùng để tạo ra trải nghiệm tốt.	UI_UX_HEURISTICS	feedback, response time, user interface	HCI	"{""icon"": ""comment-alt-dots""}"	60
DIGITAL_IDENTITY	Digital Identity Management	Hiểu khái niệm về danh tính số và cách quản lý hình ảnh cá nhân và chuyên nghiệp trên các nền tảng trực tuyến.	PRIVACY_SETTINGS	digital identity, online profile, reputation	SEP	"{""icon"": ""id-card""}"	61
INFORMATION_CREDIBILITY	Assessing Information Credibility	Phát triển kỹ năng đánh giá độ tin cậy của thông tin trực tuyến, bao gồm kiểm tra nguồn, tác giả, và phát hiện thông tin sai lệch.	DIGITAL_INTERACTION	credibility, fact-checking, misinformation	SEP	"{""icon"": ""check-double""}"	62
DIGITAL_FOOTPRINT	Digital Footprint	"Hiểu rằng mọi hoạt động trực tuyến đều để lại một ""dấu chân số"" có thể tồn tại lâu dài và ảnh hưởng đến quyền riêng tư và danh tiếng."	PRIVACY_SETTINGS	digital footprint, privacy, online presence	SEP	"{""icon"": ""shoe-prints""}"	63
CYBERBULLYING	Cyberbullying and Response	Nhận biết các hình thức bắt nạt trên mạng và các chiến lược để ứng phó một cách an toàn và hiệu quả.	DIGITAL_INTERACTION	cyberbullying, online safety, harassment	SEP	"{""icon"": ""user-ninja""}"	64
COPYRIGHT_CREATIVE_COMMONS	Copyright & Creative Commons	"Phân biệt giữa bản quyền tiêu chuẩn (""all rights reserved"") và các giấy phép mở như Creative Commons (""some rights reserved"")."	DIGITAL_INTERACTION	copyright, Creative Commons, licenses, intellectual property	SEP	"{""icon"": ""copyright""}"	65
DIGITAL_DIVIDE	The Digital Divide	Hiểu về khoảng cách trong việc tiếp cận, sử dụng và hưởng lợi từ công nghệ giữa các nhóm dân cư khác nhau.	DIGITAL_INTERACTION	digital divide, equity, access, inclusion	SEP	"{""icon"": ""users-slash""}"	66
LAYER_BLEND_MODES	Layer Blending Modes	Hiểu cách các chế độ hòa trộn (Multiply, Screen, Overlay) xác định cách các lớp pixel tương tác với nhau để tạo ra hiệu ứng hình ảnh.	RASTER_GRAPHICS_CONCEPTS	blending modes, layers, raster graphics editor	GIT	"{""icon"": ""layer-group""}"	67
ADJUSTMENT_LAYERS	Non-Destructive Adjustment Layers	Nắm vững kỹ thuật sử dụng các lớp hiệu chỉnh riêng biệt để thay đổi màu sắc/tông độ mà không phá hủy dữ liệu điểm ảnh gốc.	RASTER_GRAPHICS_CONCEPTS	adjustment layers, non-destructive, raster graphics editor	GIT	"{""icon"": ""sliders-h""}"	68
LAYER_MASKING	Layer Masking	Kỹ thuật sử dụng mặt nạ (mask) thang độ xám để che hoặc hiện các phần của một lớp một cách linh hoạt và phi phá hủy.	RASTER_GRAPHICS_CONCEPTS	layer mask, masking, raster graphics editor	GIT	"{""icon"": ""fill-drip""}"	69
IMAGE_WARPING	Mesh and Liquify Warping	Hiểu các kỹ thuật làm biến dạng hình ảnh một cách tự do bằng cách sử dụng lưới (mesh warp) hoặc các công cụ mô phỏng chất lỏng (liquify).	RASTER_GRAPHICS_CONCEPTS	warping, liquify, mesh warp, image manipulation	GIT	"{""icon"": ""border-style-alt""}"	70
IMAGE_RETOUCHING	Image Retouching Techniques	Nắm vững các kỹ thuật làm sạch và phục chế ảnh như xóa khuyết điểm (spot healing), nhân bản (clone stamp) và vá thông minh (content-aware fill).	RASTER_GRAPHICS_CONCEPTS	retouching, healing brush, clone stamp	GIT	"{""icon"": ""magic""}"	71
IMAGE_COMPOSITING	Image Compositing	Kỹ thuật kết hợp nhiều hình ảnh khác nhau để tạo thành một tác phẩm duy nhất, liền mạch, thường sử dụng layer mask và blending modes.	RASTER_GRAPHICS_CONCEPTS,HIERARCHICAL_NAVIGATION,MODAL_PRESENTATION	compositing, photomontage, image combination	GIT	"{""icon"": ""images""}"	72
QR_CODE_GENERATION	QR Code Generation	Hiểu khái niệm và ứng dụng của việc tạo mã QR (Quick Response) trong thiết kế đồ họa vector.	VECTOR_GRAPHICS_CONCEPTS	QR code, vector, barcode	GIT	"{""icon"": ""qrcode""}"	73
STROKE_PROPERTIES	Advanced Stroke Properties	Tìm hiểu các thuộc tính nâng cao của đường viền vector như thay đổi độ dày, kiểu nét đứt, và áp dụng họa tiết.	VECTOR_GRAPHICS_CONCEPTS	stroke, path, vector, Illustrator	GIT	"{""icon"": ""pen-fancy""}"	74
SHAPE_BUILDING	Shape Building	Kỹ thuật sử dụng các phép toán Boolean (hợp, trừ, giao) một cách trực quan để xây dựng các hình khối vector phức tạp từ các hình đơn giản.	VECTOR_GRAPHICS_CONCEPTS, SOLID_MODELING	shape builder, pathfinder, boolean operations	GIT	"{""icon"": ""shapes""}"	75
OBJECT_PROPERTIES	Object Properties/Attributes	Hiểu rằng các đối tượng trong một môi trường lập trình có các thuộc tính (properties) có thể truy cập và thay đổi được (ví dụ: object.x, object.color).	CLASSES_OBJECTS	properties, attributes, state, object	SDF, HCI	"{""icon"": ""list""}"	76
EVENT_BASED_PROGRAMMING	Event-Based Programming Model	Hiểu mô hình lập trình trong đó luồng của chương trình được quyết định bởi các sự kiện (như hành động của người dùng) thay vì một chuỗi lệnh tuần tự.	EVENT_HANDLERS	event-driven, event loop, asynchronous	FPL, HCI	"{""icon"": ""hand-point-up""}"	77
LIGHTING_AND_SHADOWS	Lighting and Shadows	Hiểu vai trò của các loại nguồn sáng (hướng, điểm, khu vực) và cách chúng tương tác với các vật thể để tạo ra bóng đổ trong một cảnh 3D.	RENDERING_CONCEPTS	lighting, shadows, 3D rendering, light source	GIT	"{""icon"": ""lightbulb-on""}"	78
MATERIAL_AND_TEXTURE	Material and Texture Mapping	Phân biệt giữa vật liệu (xác định thuộc tính bề mặt như độ bóng, màu sắc) và kết cấu (áp một hình ảnh 2D lên bề mặt 3D).	RENDERING_CONCEPTS	material, texture, UV mapping, shading	GIT	"{""icon"": ""bowling-ball""}"	79
KEYFRAME_ANIMATION	Keyframe Animation	Nắm vững nguyên tắc tạo hoạt hình bằng cách định nghĩa các trạng thái chính (keyframe) tại các điểm thời gian khác nhau và để phần mềm nội suy chuyển động ở giữa.	3D_ANIMATION_PRINCIPLES	keyframe, animation, timeline, interpolation	GIT	"{""icon"": ""film""}"	80
BOOLEAN_OPERATIONS_3D	3D Boolean Operations	Sử dụng các phép toán Boolean (Union, Subtract, Intersect) trên các khối hình học rắn để tạo ra các hình dạng 3D phức tạp.	SOLID_MODELING	boolean operations, CSG, 3D modeling	GIT	"{""icon"": ""shapes""}"	81
MESH_EXTRUSION	Mesh Extrusion	Hiểu kỹ thuật kéo dài (extrude) một mặt, cạnh hoặc đỉnh của một mắt lưới để tạo ra hình khối mới.	POLYGONAL_MODELING	extrude, polygonal modeling, 3D modeling	GIT	"{""icon"": ""caret-square-up""}"	82
POLYGON_MESH	Polygonal Mesh (Vertex, Edge, Face)	Nắm vững cấu trúc của một mắt lưới đa giác, bao gồm ba thành phần cơ bản là đỉnh (vertex), cạnh (edge), và mặt (face).	POLYGONAL_MODELING	mesh, vertex, edge, face, 3D model	GIT	"{""icon"": ""draw-polygon""}"	83
TRANSFORMATION_OPERATIONS	2D Transformation Operations	Thực hiện các phép biến đổi hình học 2D cơ bản trên các đối tượng đồ họa: di chuyển (translate), xoay (rotate), và thay đổi kích thước (scale).	RASTER_GRAPHICS_CONCEPTS, VECTOR_GRAPHICS_CONCEPTS	transform, translate, rotate, scale	GIT	"{""icon"": ""expand-arrows-alt""}"	84
COLOR_THEORY	Color Theory	Hiểu các mô hình màu cơ bản (RGB, CMYK, HSV) và các nguyên tắc phối màu (tương phản, tương đồng) trong thiết kế.	GRAPHIC_DESIGN_PRINCIPLES	color theory, RGB, CMYK, color wheel	GIT	"{""icon"": ""palette""}"	85
COMPOSITION_PRINCIPLES	Composition Principles	Áp dụng các nguyên tắc bố cục trong thiết kế như Quy tắc 1/3, đường dẫn thị giác, và sự cân bằng để tạo ra một thiết kế hài hòa.	GRAPHIC_DESIGN_PRINCIPLES	composition, layout, rule of thirds, balance	GIT, HCI	"{""icon"": ""th-large""}"	86
BASIC_MECHANISMS_CONCEPT	Basic Mechanisms	Nhận biết và hiểu nguyên lý hoạt động của các cơ cấu cơ khí đơn giản như bánh răng, đòn bẩy và ròng rọc.	BASIC_MECHANISMS	gears, levers, pulleys, mechanical advantage	SPD	"{""icon"": ""cogs""}"	87
BASIC_ELECTRONIC_COMPONENTS_CONCEPT	Basic Electronic Components	Nhận biết các linh kiện điện tử thụ động (điện trở, tụ điện) và chủ động (transistor, diode) và chức năng cơ bản của chúng.	BASIC_ELECTRONIC_COMPONENTS	resistor, capacitor, diode, transistor	AR	"{""icon"": ""bolt""}"	88
CIRCUIT_PRINCIPLES_CONCEPT	Basic Circuit Principles	Áp dụng các nguyên tắc cơ bản về mạch điện, như định luật Ohm và cách các linh kiện hoạt động khi mắc nối tiếp và song song.	CIRCUIT_PRINCIPLES	Ohm's law, series circuit, parallel circuit	AR	"{""icon"": ""project-diagram""}"	89
OSI_MODEL	The OSI Model	Mô tả 7 tầng của mô hình tham chiếu OSI và chức năng chính của mỗi tầng trong quá trình giao tiếp mạng.	NET_LAYERS	OSI model, 7 layers, networking model	NC	"{""icon"": ""layer-group""}"	90
TCP_IP_MODEL	The TCP/IP Model	Mô tả 4 tầng của mô hình TCP/IP (mô hình thực tế của Internet) và sự tương ứng với mô hình OSI.	NET_LAYERS	TCP/IP model, Internet protocol suite	NC	"{""icon"": ""network-wired""}"	91
IPV4_VS_IPV6	IPv4 vs. IPv6	So sánh cấu trúc, không gian địa chỉ và sự cần thiết của IPv6 so với IPv4.	IP_ROUTING	IPv4, IPv6, IP address, addressing	NC	"{""icon"": ""map-signs""}"	92
SUBNETTING	Subnetting	Nắm vững kỹ thuật chia một mạng IP lớn thành các mạng con (subnets) nhỏ hơn để quản lý hiệu quả và tối ưu hóa địa chỉ.	IP_ROUTING	subnet, subnet mask, CIDR, networking	NC	"{""icon"": ""sitemap""}"	93
GREEDY_ALGORITHMS	Greedy Algorithms	Hiểu chiến lược thiết kế thuật toán Tham lam: đưa ra lựa chọn có vẻ tốt nhất ở mỗi bước với hy vọng dẫn đến giải pháp tối ưu toàn cục.	ALGO_STRATEGIES	greedy, optimization, algorithmic strategy	AL	"{""icon"": ""hand-holding-usd""}"	94
DIVIDE_CONQUER	Divide and Conquer	Hiểu chiến lược Chia để trị: chia bài toán lớn thành các bài toán con độc lập, giải quyết chúng, rồi kết hợp kết quả lại.	ALGO_STRATEGIES	divide and conquer, recursion, merge sort	AL	"{""icon"": ""columns""}"	95
DYNAMIC_PROGRAMMING	Dynamic Programming	Hiểu kỹ thuật Quy hoạch động: giải quyết các bài toán con chồng chéo bằng cách lưu lại kết quả để tránh tính toán lại.	ALGO_STRATEGIES	dynamic programming, DP, memoization, tabulation	AL	"{""icon"": ""table""}"	96
BIG_O_NOTATION	Big O Notation	Sử dụng ký hiệu Big O để mô tả độ phức tạp tiệm cận (asymptotic complexity) của thuật toán, đo lường hiệu năng khi kích thước đầu vào tăng lên.	ALGO_ANALYSIS	Big O, complexity, time complexity, space complexity	AL	"{""icon"": ""tachometer-alt""}"	97
LINEAR_BINARY_SEARCH	Linear vs. Binary Search	So sánh độ phức tạp (O(n) vs O(log n)) và điều kiện áp dụng (mảng bất kỳ vs mảng đã sắp xếp) của hai thuật toán tìm kiếm cơ bản.	SEARCH_SORT_ALGO,TREE_STRUCTURES,TREES_HEAPS	linear search, binary search, search algorithm	AL	"{""icon"": ""search""}"	98
BUBBLE_INSERTION_SORT	Bubble Sort & Insertion Sort	Hiểu và triển khai các thuật toán sắp xếp đơn giản như Sắp xếp nổi bọt (Bubble Sort) và Sắp xếp chèn (Insertion Sort), với độ phức tạp O(n^2).	SEARCH_SORT_ALGO	bubble sort, insertion sort, sorting algorithms	AL	"{""icon"": ""sort-amount-down""}"	99
TRUTH_TABLES	Truth Tables	Kỹ thuật lập bảng chân lý để xác định giá trị logic của một mệnh đề phức hợp dựa trên tất cả các khả năng của các mệnh đề thành phần.	LOGIC_PROPOSITIONS	truth table, propositional logic, boolean	MSF	"{""icon"": ""table-list""}"	100
LOGIC_GATES	Logic Gates (AND, OR, NOT)	Nắm vững hoạt động của các cổng logic cơ bản (AND, OR, NOT) và cách chúng thực hiện các phép toán Boolean trên các tín hiệu nhị phân.	BOOLEAN_ALGEBRA	logic gates, AND, OR, NOT, digital logic	AR, MSF	"{""icon"": ""gate-open""}"	101
PRIMITIVE_TYPE_DECLARATION	Declaring Primitive Types	Nắm vững cú pháp khai báo biến với các kiểu dữ liệu nguyên thủy (int, bool, float) trong một ngôn ngữ lập trình cụ thể.	PRIMITIVE_TYPES,VAR_CONSTANTS,ARITHMETIC_OPS,COMPARISON_LOGICAL_OPS,FUNC_SYNTAX,RETURN_VALUES	declaration, primitive types, int, boolean	SDF	"{""icon"": ""tag""}"	102
REFERENCE_TYPE_DECLARATION	Declaring Reference Types	Nắm vững cú pháp khai báo biến với các kiểu dữ liệu tham chiếu (String, Array, Object) và hiểu cách chúng được lưu trữ trong bộ nhớ.	REFERENCE_TYPES,VAR_CONSTANTS	declaration, reference types, string, object	SDF	"{""icon"": ""link""}"	103
IF_ELSE_STATEMENT	If-Else Statement	Nắm vững cú pháp và logic của câu lệnh if-else để thực hiện một trong hai khối mã dựa trên một điều kiện logic.	CONDITIONAL_LOGIC	if-else, conditional statement, selection	SDF	"{""icon"": ""code-branch""}"	104
SWITCH_CASE	Switch-Case Statement	Sử dụng câu lệnh switch để lựa chọn thực thi một trong nhiều khối mã dựa trên giá trị của một biến hoặc biểu thức.	CONDITIONAL_LOGIC	switch-case, selection, multi-way branching	SDF	"{""icon"": ""list-ul""}"	105
FOR_LOOP	For Loop	Nắm vững cú pháp và cách sử dụng vòng lặp for để lặp lại một khối mã một số lần xác định, thường dùng để duyệt qua các tập hợp.	ITERATION_LOOPS	for loop, iteration, looping, repetition	SDF	"{""icon"": ""redo""}"	106
WHILE_LOOP	While Loop	Nắm vững cú pháp và cách sử dụng vòng lặp while để lặp lại một khối mã khi một điều kiện cho trước vẫn còn đúng.	ITERATION_LOOPS	while loop, iteration, looping, condition	SDF	"{""icon"": ""sync""}"	107
ARRAY_OPERATIONS	Array Operations	Thực hiện các thao tác cơ bản trên mảng: truy cập phần tử qua chỉ số (index), lấy độ dài, và duyệt qua các phần tử.	ARRAYS	array, index, access, iteration	SDF	"{""icon"": ""th""}"	108
LIST_OPERATIONS	List Operations	Thực hiện các thao tác trên danh sách động: thêm, xóa, tìm kiếm phần tử và lấy kích thước.	LISTS_COLLECTIONS	list, add, remove, search, dynamic array	SDF	"{""icon"": ""list-ol""}"	109
UNIT_TESTING	Unit Testing	Hiểu và viết các bài kiểm thử đơn vị để xác minh tính đúng đắn của từng hàm hoặc phương thức một cách độc lập.	UNIT_INTEGRATION_TESTING	unit test, TDD, test case, assertion	SE	"{""icon"": ""vial""}"	110
BREAKPOINTS	Using Breakpoints	Nắm vững cách sử dụng các điểm dừng (breakpoints) trong một IDE để tạm dừng chương trình và kiểm tra trạng thái của các biến.	DEBUGGING_TECH	breakpoint, debugger, debugging, IDE	SDF	"{""icon"": ""bug""}"	111
HTML_STRUCTURE	HTML Document Structure	Nắm vững cấu trúc cơ bản của một tài liệu HTML với các thẻ <html>, <head>, và <body>.	HTML_CSS	HTML, document structure, head, body	SPD	"{""icon"": ""file-alt""}"	112
CSS_SELECTORS	CSS Selectors	Sử dụng các bộ chọn CSS (theo thẻ, lớp, ID) để nhắm mục tiêu và áp dụng kiểu cho các phần tử HTML cụ thể.	HTML_CSS	CSS, selectors, class, ID, styling	SPD	"{""icon"": ""mouse-pointer""}"	113
DOM_MANIPULATION	DOM Manipulation	Sử dụng client-side scripting để truy cập và thay đổi động nội dung, cấu trúc và kiểu dáng của một trang web đang chạy thông qua DOM API.	DOM_MANIPULATION_TOPIC	DOM, client-side scripting, element query, element content mutation	SPD	"{""icon"": ""hand-sparkles""}"	114
SQL_SELECT	SQL SELECT Statement	Nắm vững cú pháp của câu lệnh SELECT để truy vấn và lấy dữ liệu từ một hoặc nhiều cột trong một bảng.	SQL_QUERIES	SQL, SELECT, FROM, WHERE	DM	"{""icon"": ""search""}"	115
SQL_JOIN	SQL JOINs	Sử dụng các loại JOIN (INNER, LEFT, RIGHT) để kết hợp các hàng từ hai hoặc nhiều bảng dựa trên một cột liên quan.	SQL_QUERIES	SQL, JOIN, INNER JOIN, LEFT JOIN	DM	"{""icon"": ""link""}"	116
STACK_OPERATIONS	Stack Operations (Push/Pop)	Hiểu và triển khai hai thao tác cơ bản của cấu trúc dữ liệu Ngăn xếp (LIFO): push (đẩy vào) và pop (lấy ra).	STACKS_QUEUES	stack, push, pop, LIFO	AL	"{""icon"": ""layer-plus""}"	117
QUEUE_OPERATIONS	Queue Operations (Enqueue/Dequeue)	Hiểu và triển khai hai thao tác cơ bản của cấu trúc dữ liệu Hàng đợi (FIFO): enqueue (thêm vào cuối) và dequeue (lấy ra từ đầu).	STACKS_QUEUES	queue, enqueue, dequeue, FIFO	AL	"{""icon"": ""arrow-from-right""}"	118
AI_VS_ML	AI vs. ML vs. Deep Learning	Phân biệt rõ ràng mối quan hệ và sự khác biệt giữa các thuật ngữ: Trí tuệ Nhân tạo, Học máy, và Học sâu.	SUPERVISED_LEARNING,AI_ASSISTED_CODING	AI, ML, Deep Learning, definitions	AI	"{""icon"": ""project-diagram""}"	119
USER_PERSONAS	Creating User Personas	Kỹ thuật tạo ra các hồ sơ người dùng hư cấu nhưng dựa trên nghiên cứu, để định hướng và tạo sự đồng cảm trong quá trình thiết kế.	USER_RESEARCH	persona, user research, empathy map	HCI	"{""icon"": ""user-tie""}"	120
USABILITY_TESTING	Usability Testing	Nắm vững quy trình cơ bản của việc kiểm thử tính khả dụng: quan sát người dùng thực sự sử dụng một sản phẩm để xác định các vấn đề.	USER_RESEARCH	usability testing, user testing, feedback	HCI, SE	"{""icon"": ""clipboard-check""}"	121
PASSWORD_STRENGTH_CONCEPT	Strong Passwords	Nắm vững các tiêu chí để tạo một mật khẩu mạnh và an toàn, khó bị đoán hoặc bẻ khóa.	PASSWORD_STRENGTH	password, security, authentication	SEC	"{""icon"": ""key""}"	122
PHISHING_IDENTIFICATION	Identifying Phishing Attempts	Nhận biết các dấu hiệu cảnh báo của một email hoặc tin nhắn lừa đảo, như lỗi chính tả, URL lạ, và yêu cầu khẩn cấp.	PHISHING_SCAMS	phishing, scam, social engineering, email security	SEC, SEP	"{""icon"": ""fish""}"	123
LOGIC_ERRORS	Logical Errors	Nhận biết các lỗi trong logic của chương trình khiến nó chạy không đúng kết quả mong đợi, mặc dù không gây ra lỗi cú pháp hay lỗi runtime.	DEBUGGING_TECH	logical error, bug, incorrect output	SDF, SE	"{""icon"": ""brain""}"	124
SYNTAX_ERRORS	Syntax Errors	Nhận biết các lỗi vi phạm quy tắc cú pháp của ngôn ngữ lập trình, thường được trình biên dịch hoặc thông dịch phát hiện trước khi chạy.	ERROR_MESSAGES	syntax error, compiler error, parsing error	SDF	"{""icon"": ""file-exclamation""}"	125
RUNTIME_ERRORS	Runtime Errors	Nhận biết các lỗi xảy ra trong quá trình chương trình đang chạy, ví dụ như chia cho zero hoặc truy cập vào một phần tử không tồn tại của mảng.	EXCEPTION_HANDLING	runtime error, exception, crash	SDF	"{""icon"": ""running""}"	126
API_INTEGRATION	API Integration	Hiểu kỹ thuật gọi các API từ bên ngoài để lấy dữ liệu hoặc sử dụng chức năng của một dịch vụ khác trong ứng dụng của mình.	API_DESIGN	API, integration, REST, fetch	SE, SPD	"{""icon"": ""plug""}"	127
REST_PRINCIPLES	REST Architectural Principles	Nắm vững các nguyên tắc của kiến trúc REST (Representational State Transfer) trong thiết kế API, như stateless và client-server.	API_DESIGN	REST, stateless, API design, architectural style	SE, SPD	"{""icon"": ""network-wired""}"	128
DATABASE_NORMALIZATION	Database Normalization	Hiểu quá trình tổ chức các cột và bảng trong cơ sở dữ liệu quan hệ để giảm thiểu sự dư thừa dữ liệu và cải thiện tính toàn vẹn.	RELATIONAL_DB,TRANSACTION_MANAGEMENT	normalization, 1NF, 2NF, 3NF, database design	DM	"{""icon"": ""columns""}"	129
STATISTICAL_MEASURES	Basic Statistical Measures	Nắm vững cách tính và ý nghĩa của các thước đo thống kê cơ bản như trung bình (mean), trung vị (median), và độ lệch chuẩn (standard deviation).	ALGO_ANALYSIS	mean, median, standard deviation, statistics	MSF	"{""icon"": ""chart-bar""}"	130
PROBABILITY_BASICS	Basic Probability	Nắm vững các khái niệm xác suất cơ bản, bao gồm không gian mẫu, biến cố, và các quy tắc tính xác suất (cộng, nhân).	ALGO_ANALYSIS	probability, sample space, event	MSF	"{""icon"": ""dice-d6""}"	131
DATA_DISTRIBUTIONS	Basic Data Distributions	Nhận biết các phân phối dữ liệu phổ biến như phân phối chuẩn (Normal/Gaussian) và phân phối đều (Uniform).	ALGO_ANALYSIS	distribution, normal distribution, uniform distribution	MSF	"{""icon"": ""bell""}"	132
CLASS_DEFINITION	Class Definition	Nắm vững cú pháp để định nghĩa một lớp (class) với các thuộc tính (fields/attributes) và phương thức (methods).	CLASSES_OBJECTS	class, attributes, methods, OOP	SDF, FPL	"{""icon"": ""file-code""}"	133
OBJECT_INSTANTIATION	Object Instantiation	Hiểu quá trình tạo một đối tượng (thể hiện/instance) từ một lớp bằng cách sử dụng hàm khởi tạo (constructor).	CLASSES_OBJECTS	object, instance, constructor, new	SDF, FPL	"{""icon"": ""cube""}"	134
INHERITANCE_SYNTAX	Inheritance Syntax	Nắm vững cú pháp để một lớp con (subclass) có thể kế thừa các thuộc tính và phương thức từ một lớp cha (superclass).	INHERITANCE_POLY	inheritance, subclass, superclass, extends	FPL	"{""icon"": ""sitemap""}"	135
METHOD_OVERRIDING	Method Overriding	Hiểu kỹ thuật ghi đè (override) một phương thức của lớp cha trong lớp con để cung cấp một triển khai cụ thể hơn.	INHERITANCE_POLY	overriding, polymorphism, dynamic dispatch	FPL	"{""icon"": ""clone""}"	136
ACCESS_MODIFIERS	Access Modifiers	Hiểu và sử dụng các từ khóa kiểm soát truy cập (ví dụ: public, private, protected) để thực thi tính đóng gói.	ENCAPSULATION_ABSTRACTION	access modifiers, public, private, encapsulation	FPL	"{""icon"": ""user-lock""}"	137
STATIC_MEMBERS_CONCEPT	Static Members	Hiểu về các thuộc tính và phương thức tĩnh (static) thuộc về lớp thay vì một đối tượng cụ thể, hữu ích cho các tiện ích hoặc hằng số chung.	STATIC_MEMBERS	static, class variable, class method	FPL	"{""icon"": ""star-of-life""}"	138
FIRST_CLASS_FUNCTIONS_CONCEPT	First-Class & Higher-Order Functions	"Khám phá khái niệm hàm là ""công dân hạng nhất"" và các hàm bậc cao có thể nhận hàm khác làm đối số hoặc trả về một hàm."	FIRST_CLASS_FUNCTIONS	higher-order functions, lambda, closures, first-class functions	FPL	"{""icon"": ""lambda""}"	139
IMMUTABILITY_CONCEPT	Immutability and Pure Functions	Nắm vững nguyên tắc về tính bất biến của dữ liệu và các hàm thuần túy (pure functions) không có tác dụng phụ (side effects), giúp mã dễ dự đoán và kiểm thử hơn.	IMMUTABILITY	immutability, pure functions, side effects, functional	FPL	"{""icon"": ""snowflake""}"	140
EVENT_HANDLERS_CONCEPT	Events and Event Handling	Hiểu mô hình xử lý sự kiện, trong đó chương trình đăng ký các hàm (event handlers) để phản hồi lại các hành động của người dùng hoặc hệ thống (events).	EVENT_HANDLERS	events, event handler, listener, callback	FPL, HCI	"{""icon"": ""hand-point-up""}"	141
ASYNCHRONOUS_PROG_CONCEPT	Asynchronous Programming	Giới thiệu các kỹ thuật lập trình bất đồng bộ như callbacks, promises, hoặc async/await để xử lý các tác vụ tốn thời gian mà không chặn luồng chính.	ASYNCHRONOUS_PROG	async, await, promises, callbacks, non-blocking	FPL, PDC	"{""icon"": ""hourglass-start""}"	142
SHARED_EDITING_ETIQUETTE	Etiquette for Collaborative Editing	"Áp dụng các quy tắc ứng xử khi làm việc trên các tài liệu chung, như sử dụng chế độ ""gợi ý"" (suggesting) và để lại bình luận rõ ràng."	COLLABORATION_TOOLS	collaboration, etiquette, Google Docs, comments	SEP	"{""icon"": ""comments-alt""}"	143
TCP_HANDSHAKE	TCP Three-Way Handshake	Mô tả quá trình bắt tay ba bước (SYN, SYN-ACK, ACK) để thiết lập một kết nối TCP đáng tin cậy.	TRANSPORT_PROTOCOLS	TCP, handshake, SYN, ACK, connection	NC	"{""icon"": ""hands-helping""}"	144
HTTP_METHODS	HTTP Methods (GET, POST)	Phân biệt các phương thức HTTP cơ bản như GET để yêu cầu dữ liệu và POST để gửi dữ liệu lên máy chủ.	APP_PROTOCOLS	HTTP, GET, POST, REST, request methods	NC	"{""icon"": ""exchange""}"	145
DNS_LOOKUP	DNS Lookup Process	Mô tả quá trình phân giải một tên miền (ví dụ: google.com) thành một địa chỉ IP tương ứng để máy tính có thể kết nối.	APP_PROTOCOLS	DNS, domain name, IP address, resolution	NC	"{""icon"": ""book-spells""}"	146
TWO_FACTOR_AUTH	Two-Factor Authentication (2FA)	Hiểu nguyên lý và tầm quan trọng của Xác thực Hai Yếu tố (2FA) trong việc tăng cường bảo mật tài khoản.	PASSWORD_STRENGTH	2FA, MFA, authentication, security	SEC	"{""icon"": ""key""}"	147
MALWARE_TYPES_CONCEPT	Malware Types	Phân biệt các loại phần mềm độc hại phổ biến như virus, worm, và ransomware.	MALWARE_TYPES	malware, virus, ransomware, cybersecurity	SEC	"{""icon"": ""shield-virus""}"	148
WIREFRAMING	Wireframing	Kỹ thuật tạo ra các bản phác thảo cấu trúc (wireframe) cho một trang web hoặc ứng dụng để xác định bố cục và luồng chức năng.	WIREFRAMING_PROTOTYPING	wireframe, UX, design, layout	HCI	"{""icon"": ""pencil-ruler""}"	149
PROTOTYPING	Prototyping	Kỹ thuật tạo ra các mẫu thử tương tác (prototype) từ mức độ chi tiết thấp đến cao để kiểm tra và thu thập phản hồi về ý tưởng thiết kế.	WIREFRAMING_PROTOTYPING	prototype, mockup, UI, UX, Figma	HCI, SE	"{""icon"": ""drafting-compass""}"	150
SCREEN_READERS	Screen Readers	Hiểu cách trình đọc màn hình hoạt động và tầm quan trọng của việc viết mã HTML ngữ nghĩa để hỗ trợ người dùng khiếm thị.	ASSISTIVE_TECH	screen reader, accessibility, a11y, semantic HTML	HCI, SEP	"{""icon"": ""blind""}"	151
WCAG_PRINCIPLES	WCAG Principles (POUR)	Nắm vững bốn nguyên tắc của WCAG: Perceivable (Có thể nhận biết), Operable (Có thể vận hành), Understandable (Có thể hiểu), và Robust (Mạnh mẽ).	WCAG_STANDARDS	WCAG, POUR, accessibility, principles	HCI, SEP	"{""icon"": ""universal-access""}"	152
NETIQUETTE	Netiquette (Online Etiquette)	Nắm vững các quy tắc ứng xử phù hợp khi giao tiếp trực tuyến, như cách viết email, bình luận và tham gia thảo luận một cách chuyên nghiệp.	DIGITAL_INTERACTION	netiquette, digital communication, etiquette	SEP	"{""icon"": ""comments""}"	153
COLLABORATIVE_PLATFORMS	Collaborative Platforms	Sử dụng hiệu quả các nền tảng làm việc nhóm như Google Workspace, Microsoft Teams, và Trello để quản lý công việc và cộng tác.	COLLABORATION_TOOLS	collaboration, teamwork, project management	SEP, SE	"{""icon"": ""users-cog""}"	154
LOCAL_VIEW_STATE	Local View State	Sử dụng cơ chế như @State để quản lý trạng thái đơn giản, chỉ thuộc về một View duy nhất và sẽ bị hủy khi View biến mất.	STATE_MANAGEMENT	state, @State, local state, ephemeral state	HCI, SDF	"{""icon"": ""dot-circle""}"	155
TWO_WAY_BINDING	Two-Way Data Binding	Sử dụng cơ chế như @Binding (ký hiệu $) để tạo một liên kết tham chiếu hai chiều, cho phép một View con vừa đọc vừa ghi vào trạng thái của View cha.	DATA_BINDING	binding, @Binding, two-way binding	HCI, SDF	"{""icon"": ""link""}"	156
SHARED_OBSERVABLE_STATE	Shared Observable State	Sử dụng mẫu Observable Object (với @StateObject, @ObservedObject) để quản lý và chia sẻ các trạng thái phức tạp (dạng class) giữa nhiều View khác nhau.	STATE_MANAGEMENT, OBSERVABLE_MODEL	@StateObject, @ObservedObject, ViewModel, shared state	HCI, FPL	"{""icon"": ""share-alt""}"	157
PUBLISHER_SUBSCRIBER_MODEL	Publisher-Subscriber Model for UI	"Hiểu cách một thuộc tính được ""phát sóng"" (@Published) có thể tự động kích hoạt việc cập nhật giao diện của các View ""đăng ký"" theo dõi nó."	OBSERVABLE_MODEL	publisher, subscriber, @Published, Combine	FPL, SE	"{""icon"": ""broadcast-tower""}"	158
MVVM_PATTERN	MVVM Architectural Pattern	Áp dụng mẫu kiến trúc Model-View-ViewModel để tách biệt giao diện (View), trạng thái và logic giao diện (ViewModel), và dữ liệu cốt lõi (Model).	OBSERVABLE_MODEL	MVVM, architecture, ViewModel	SE, HCI	"{""icon"": ""sitemap""}"	159
TAP_GESTURE	Tap Gesture	Nhận biết và phản hồi lại các sự kiện chạm đơn hoặc chạm nhiều lần của người dùng trên một View.	GESTURE_HANDLING	tap, onTapGesture, double tap	HCI	"{""icon"": ""hand-point-up""}"	160
DRAG_GESTURE	Drag Gesture	Theo dõi và xử lý cử chỉ kéo của người dùng để di chuyển các đối tượng hoặc thực hiện các hành động tương tác.	GESTURE_HANDLING	drag, translation, gesture	HCI	"{""icon"": ""arrows-alt""}"	161
IMPLICIT_EXPLICIT_ANIMATION	Implicit vs. Explicit Animation	Phân biệt và áp dụng hiệu ứng chuyển động ngầm định (gắn vào View) và tường minh (kích hoạt tại một thời điểm cụ thể).	UI_ANIMATION	implicit, explicit, animation, withAnimation	GIT, HCI	"{""icon"": ""magic""}"	162
VIEW_TRANSITIONS	View Transitions	Định nghĩa cách một View xuất hiện hoặc biến mất khỏi màn hình bằng các hiệu ứng như mờ dần, trượt, hoặc co giãn.	UI_ANIMATION	transition, .transition, effects	GIT, HCI	"{""icon"": ""exchange-alt""}"	163
MAP_INTEGRATION	Map Integration	Tích hợp và hiển thị một bản đồ tương tác trong ứng dụng, điều khiển vùng hiển thị và thêm các điểm đánh dấu (annotations).	GEOSPATIAL_SERVICES,HASH_TABLES	MapKit, MapView, annotation	SPD	"{""icon"": ""map-marked-alt""}"	164
LOCATION_SERVICES_API	Location Services API	Yêu cầu quyền và sử dụng các API của hệ điều hành (Core Location) để lấy vị trí hiện tại của người dùng.	GEOSPATIAL_SERVICES	Core Location, location, GPS, permissions	SPD	"{""icon"": ""location-arrow""}"	165
MEDIA_PICKER_API	Media Picker API	Tích hợp giao diện chọn media của hệ thống (PhotosPicker) để cho phép người dùng chọn ảnh hoặc video từ thư viện một cách an toàn.	MEDIA_SERVICES	PhotosPicker, image picker, media library	SPD	"{""icon"": ""images""}"	166
LOCAL_NOTIFICATION_API	Local Notification API	Sử dụng API hệ thống (UserNotifications) để lập lịch và gửi các thông báo cục bộ cho người dùng dựa trên thời gian hoặc các sự kiện khác.	MEDIA_SERVICES	UserNotifications, local notification, alert	NC	"{""icon"": ""bell""}"	167
APP_EXTENSION_MODEL	App Extension Model	Hiểu mô hình kiến trúc của các thành phần mở rộng như Widgets, chạy độc lập nhưng liên kết với ứng dụng chính để hiển thị dữ liệu.	MEDIA_SERVICES	app extensions, WidgetKit, widgets	SPD	"{""icon"": ""puzzle-piece""}"	168
KEY_VALUE_PERSISTENCE	Key-Value Persistence	Sử dụng cơ chế lưu trữ key-value đơn giản của hệ điều hành (UserDefaults, @AppStorage) để lưu các cài đặt và tùy chọn nhỏ của người dùng.	USER_PREFERENCES_STORAGE	UserDefaults, AppStorage, key-value	SDF	"{""icon"": ""tags""}"	169
CORE_DATA_ORM	Core Data (ORM)	Sử dụng framework Core Data như một Object-Relational Mapper (ORM) để định nghĩa model, thiết lập stack, và quản lý việc lưu trữ, truy vấn, xóa, sửa dữ liệu.	STRUCTURED_DATA_STORAGE	Core Data, ORM, NSManagedObject, FetchRequest	DM	"{""icon"": ""database""}"	170
JSON_SERIALIZATION	JSON Serialization/Deserialization	Sử dụng cơ chế chuẩn để mã hóa (serialize) các đối tượng native language thành định dạng JSON và giải mã (deserialize) JSON ngược lại thành đối tượng.	STRUCTURED_DATA_STORAGE	JSON, native serialization, serialization, deserialization, encoder, decoder	AL, SE	"{""icon"": ""file-code""}"	171
GAME_LOOP	Game Loop	Vòng lặp vô hạn duy trì trạng thái của trò chơi, xử lý đầu vào, cập nhật vật lý và vẽ lại hình ảnh (render) liên tục.	GAMEPLAY_MECHANICS,GAME_OBJ_SCRIPTING	game loop, update loop, tick	SDF	"{""icon"": ""sync""}"	172
COLLISION_DETECTION	Collision Detection	Cơ chế phát hiện khi hai vật thể trong không gian game chạm vào nhau hoặc xuyên qua nhau để kích hoạt sự kiện.	PHYSICS_CONSTRAINTS	collision, hitbox, raycasting	GIT	"{""icon"": ""car-crash""}"	173
PHYSICS_CONSTRAINTS_CONCEPT	Physics Constraints	Các loại khớp nối (Bản lề, Lò xo, Dây) giới hạn chuyển động tự do của vật thể để tạo ra cơ cấu máy móc.	PHYSICS_CONSTRAINTS	constraints, hinge, enterprise application framework, joints	GIT	"{""icon"": ""link""}"	174
LEVEL_LAYOUT	Level Layout Design	Kỹ thuật sắp đặt không gian, chướng ngại vật và đường đi để tạo ra dòng chảy (flow) và độ khó hợp lý cho người chơi.	GAME_ENV_BUILDING,UI_MODIFIERS,STACK_LAYOUT,GRID_LAYOUT,ADAPTIVE_LAYOUT	level design, layout, map design	HCI	"{""icon"": ""map""}"	175
LEADERBOARD_SYSTEM	Leaderboard/Scoring System	Cấu trúc dữ liệu và logic để theo dõi, cập nhật và hiển thị điểm số hoặc thành tích của người chơi trong thời gian thực.	GAMEPLAY_MECHANICS	leaderboard, scoring, stats	SDF	"{""icon"": ""trophy""}"	176
PROPOSITIONAL_LOGIC	Propositional Logic	Logic and boolean operators.	MATHEMATICAL_LOGIC	logic, boolean	MSF		177
SET_THEORY	Set Theory	Sets, subsets, operations.	SET_AND_RELATION_THEORY	sets, unions	MSF		178
COMBINATORICS	Combinatorics	Permutations, combinations, counting.	DISCRETE_COMBINATORICS	counting	MSF		179
GRAPH_MODELS	Graph Models	Vertices, edges, traversal concepts.	GRAPH_THEORY,TREE_STRUCTURES,TREES_HEAPS	graphs, trees	MSF		180
QUANTUM_STATES_SUPERPOSITION	Quantum States and Superposition	Qubits, Dirac Notation, Superposition, Measurement.	QUANTUM_MECHANICS_BASICS	qubits, superposition	SF, MET		181
QUANTUM_ENTANGLEMENT	Quantum Entanglement	Bell States, Spooky Action, Quantum Correlation.	QUANTUM_MECHANICS_BASICS	entanglement	SF, MET		182
QUANTUM_LOGIC_GATES	Quantum Logic Gates	Pauli-X/Y/Z, Hadamard, CNOT, Quantum Circuits.	QUANTUM_CIRCUITS_AND_GATES	gates, hadamard, cnot	SF, MET		183
PARAMETERIZED_QUANTUM_CIRCUITS	Parameterized Quantum Circuits	Quantum Neural Networks, VQE, Ansatz, Hybrid Training.	HYBRID_QUANTUM_CLASSICAL_AI	pqc, qnn, vqe	SF, MET		184
TRANSFORMER_ARCHITECTURE	Transformer Architecture	Nguyên lý kiến trúc Transformer với cơ chế chú ý tự động (Self-Attention) và chú ý đa đầu (Multi-Head Attention) để xử lý chuỗi dữ liệu song song.	GENERATIVE_AI_MODELS	Transformer, self-attention, multi-head attention, encoder, decoder	AI, MET	"{""icon"": ""project-diagram""}"	185
LARGE_LANGUAGE_MODEL_CONCEPTS	Large Language Model Principles	Các nguyên lý cơ bản của mô hình ngôn ngữ lớn, bao gồm quy trình tiền huấn luyện (Pre-training), tinh chỉnh chỉ dẫn (Instruction Tuning) và tinh chỉnh tham số (Fine-tuning).	GENERATIVE_AI_MODELS	LLM, pre-training, fine-tuning, instruction tuning, prompt	AI, MET	"{""icon"": ""brain""}"	186
RETRIEVAL_AUGMENTED_GENERATION	Retrieval-Augmented Generation	Kỹ thuật RAG kết hợp mô hình sinh với hệ thống truy xuất cơ sở dữ liệu ngoài để bổ sung ngữ cảnh thực tế và giảm thiểu hiện tượng bịa đặt thông tin.	GENERATIVE_AI_MODELS	RAG, retrieval, vector search, context injection, grounding	AI, DM	"{""icon"": ""search-plus""}"	187
VECTOR_EMBEDDING_SEARCH	Vector Embedding and Similarity Search	Phương pháp biểu diễn văn bản hoặc đối tượng dưới dạng vector mật độ cao trong không gian đa chiều và tìm kiếm độ tương tự dựa trên khoảng cách không gian.	GENERATIVE_AI_MODELS	vector embedding, similarity search, cosine distance, vector index	AI, AL	"{""icon"": ""database""}"	188
AGENTIC_WORKFLOW_ORCHESTRATION	Agentic Workflow Orchestration	Kiến trúc điều phối tác vụ cho Agent tự chủ, bao gồm phân rã bài toán (Planning), chọn lựa công cụ thực thi (Tool Use) và tự phản tư đánh giá kết quả (Self-Reflection).	AGENTIC_AI_SYSTEMS	AI agent, planning, tool use, self-reflection, orchestration	AI, SE	"{""icon"": ""tasks""}"	189
MULTI_AGENT_COOPERATION	Multi-Agent Cooperation Dynamics	Nguyên lý tương tác, phân công vai trò chuyên biệt và giao tiếp thông điệp giữa nhiều tác nhân thông minh để hợp tác giải quyết các bài toán quy mô lớn.	AGENTIC_AI_SYSTEMS	multi-agent, role assignment, agent communication, collaboration	AI, PDC	"{""icon"": ""users-cog""}"	190
AGENT_MEMORY_SYSTEMS	Agent Memory Systems	Cơ chế lưu trữ và quản lý bộ nhớ ngắn hạn (ngữ cảnh phiên làm việc) và bộ nhớ dài hạn (tri thức tích lũy) cho các tác nhân AI.	AGENTIC_AI_SYSTEMS	agent memory, short-term memory, long-term memory, conversation context	AI, DM	"{""icon"": ""hdd""}"	191
EDGE_MODEL_QUANTIZATION	Edge Model Quantization and Compression	Kỹ thuật nén và giảm độ chính xác số liệu của mô hình học máy (từ 32-bit xuống 8-bit hoặc 4-bit) để tối ưu dung lượng và tốc độ suy luận tại thiết bị biên.	EDGE_AI_PROCESSING	quantization, model compression, edge AI, inference optimization	SPD, AI	"{""icon"": ""compress-alt""}"	192
AIOT_DATA_PIPELINE	AIoT Edge Data Pipeline	Quy trình thu thập, tiền xử lý dữ liệu cảm biến thời gian thực và thực thi suy luận trực tiếp tại thiết bị nhúng trước khi truyền dữ liệu lên đám mây.	EDGE_AI_PROCESSING	AIoT, data pipeline, edge inference, sensor data, real-time	SPD, NC	"{""icon"": ""stream""}"	193
TINYML_INFERENCE	TinyML Ultra-Low Power Inference	Nguyên lý thiết kế và thực thi thuật toán học máy trên các thiết bị vi điều khiển công suất cực thấp với tài nguyên RAM/Bộ nhớ hạn chế.	EDGE_AI_PROCESSING	TinyML, microcontroller, low power, embedded inference	SPD, AR	"{""icon"": ""microchip""}"	194
ROBOTIC_PATH_PLANNING	Robotic Path Planning Algorithms	Các thuật toán hoạch định đường đi và di chuyển tối ưu cho robot trong môi trường chứa chướng ngại vật phức tạp.	ROBOTIC_NAVIGATION_AND_PLANNING	path planning, trajectory, obstacle avoidance, motion planning	AL, SPD	"{""icon"": ""route""}"	195
SIMULTANEOUS_LOCALIZATION_MAPPING	Simultaneous Localization and Mapping	Nguyên lý SLAM cho phép robot xây dựng bản đồ không gian xung quanh đồng thời tự xác định vị trí của chính mình trong không gian đó.	ROBOTIC_NAVIGATION_AND_PLANNING	SLAM, localization, mapping, spatial perception, sensor fusion	AI, SPD	"{""icon"": ""map-marked-alt""}"	196
ROBOTIC_ACTUATION_CONTROL	Robotic Actuation and Feedback Control	Nguyên lý điều khiển phản hồi vòng kín (PID, MPC) áp dụng cho các mô-tơ và cơ cấu chấp hành vật lý của hệ thống robot.	ROBOTIC_NAVIGATION_AND_PLANNING	actuation, feedback control, PID, motor control, robotics	SPD, SF	"{""icon"": ""sliders-h""}"	197
ZERO_TRUST_ARCHITECTURE	Zero Trust Architecture Principles	"Nguyên tắc thiết kế an ninh mạng ""Không bao giờ tin tưởng, luôn kiểm tra"" với cơ chế xác thực liên tục và cấp quyền truy cập tối thiểu."	ZERO_TRUST_SECURITY	Zero Trust, continuous verification, least privilege, micro-segmentation	SEC, NC	"{""icon"": ""user-shield""}"	198
IDENTITY_AND_ACCESS_MANAGEMENT	Identity and Access Management	Nguyên lý quản lý định danh người dùng/thiết bị, xác thực đa yếu tố và kiểm soát truy cập dựa trên vai trò hoặc thuộc tính (RBAC/ABAC).	ZERO_TRUST_SECURITY	IAM, identity, authentication, authorization, RBAC, MFA	SEC, SEP	"{""icon"": ""id-card""}"	199
PUBLIC_KEY_INFRASTRUCTURE	Public Key Infrastructure Principles	Hạ tầng quản lý khóa công khai dựa trên mã hóa bất đối xứng, chứng thư số và cơ quan xác thực trung tâm để bảo đảm tính toàn vẹn và bảo mật.	ZERO_TRUST_SECURITY	PKI, asymmetric encryption, digital certificate, certificate authority	SEC, NC	"{""icon"": ""key""}"	200
THREAT_MODELING_ASSESSMENT	Threat Modeling and Security Assessment	Quy trình phân tích, nhận diện các mối đe dọa an ninh mạng và đánh giá rủi ro đối với kiến trúc hệ thống phần mềm.	ZERO_TRUST_SECURITY	threat modeling, STRIDE, risk assessment, vulnerability scanning	SEC, SE	"{""icon"": ""bug""}"	201
MODEL_CONTEXT_PROTOCOL_STANDARD	Model Context Protocol Standard	Giao thức chuẩn hóa định danh và cung cấp bối cảnh dữ liệu, công cụ thực thi cho các tác nhân AI tự chủ mà không phụ thuộc vào từng nền tảng cụ thể.	AGENTIC_AI_SYSTEMS	MCP, protocol, tool invocation, data context, agent interface	AI, SE	"{""icon"": ""plug""}"	202
DURABLE_AGENT_STATE_MANAGEMENT	Durable Agent State Management	Cơ chế duy trì và phân tách trạng thái có cấu trúc (task status, milestones) và phi cấu trúc (rationale logs) cho phép Agent phục hồi sau gián đoạn.	AGENTIC_AI_SYSTEMS	agent state, durability, state persistence, structured state	AI, DM	"{""icon"": ""save""}"	203
GRAPH_BASED_AGENTIC_WORKFLOW	Graph-Based Agentic Workflow	Mô hình điều khiển luồng công việc dạng đồ thị tuần hoàn cho phép tái lập kế hoạch, phản tư và phản hồi vòng kín trong quá trình thực thi tác vụ.	AGENTIC_AI_SYSTEMS	graph workflow, cyclic execution, re-planning, feedback loop	AI, AL	"{""icon"": ""sitemap""}"	204
KNOWLEDGE_GRAPH_RETRIEVAL_AUGMENTATION	Knowledge Graph-Augmented Retrieval	Kỹ thuật RAG nâng cao kết hợp Đồ thị Tri thức (Knowledge Graph) với không gian vector để giải quyết các truy vấn ngữ cảnh đa bước (multi-hop reasoning).	GENERATIVE_AI_MODELS	GraphRAG, knowledge graph, multi-hop reasoning, vector search	AI, DM	"{""icon"": ""project-diagram""}"	205
HYBRID_VECTOR_SPARSE_SEARCH	Hybrid Vector and Sparse Search	Phương pháp kết hợp truy xuất ngữ nghĩa không gian vector với tìm kiếm từ khóa thưa (BM25/sparse) nhằm nâng cao độ chính xác truy xuất tri thức.	GENERATIVE_AI_MODELS	hybrid search, vector search, sparse keyword, BM25, dense retrieval	AI, AL	"{""icon"": ""search""}"	206
COMPUTE_IN_MEMORY_ACCELERATION	Compute-in-Memory Edge Acceleration	Nguyên lý tính toán trực tiếp trên phần tử bộ nhớ (SRAM/RRAM) nhằm đạt hiệu suất năng lượng tối đa cho suy luận AI tại thiết bị biên.	EDGE_AI_PROCESSING	compute in memory, CIM, SRAM, RRAM, edge acceleration	AR, SPD	"{""icon"": ""memory""}"	207
TINY_MLOPS_LIFECYCLE_MANAGEMENT	TinyMLOps Fleet Lifecycle Management	Quy trình quản lý vòng đời, giám sát hiệu năng và cập nhật mô hình học máy tự động trên hệ thống hàng triệu thiết bị biên nhúng.	EDGE_AI_PROCESSING	TinyMLOps, fleet management, model monitoring, edge deployment	SE, SPD	"{""icon"": ""cogs""}"	208
SMALL_LANGUAGE_MODEL_OPTIMIZATION	Small Language Model Edge Optimization	Kỹ thuật tối ưu hóa và thực thi các mô hình ngôn ngữ thu nhỏ trên vi điều khiển và phần cứng tài nguyên cực kỳ hạn chế.	EDGE_AI_PROCESSING	SLM, small language model, edge optimization, microcontroller LLM	AI, AR	"{""icon"": ""microchip""}"	209
PATTERN_RECOGNITION_CONCEPT	Pattern Recognition in Computation	Khả năng phát hiện các điểm tương đồng, xu hướng hoặc quy luật lặp lại giữa các bài toán để áp dụng lại giải pháp đã biết.	PROBLEM_DECOMPOSITION_PATTERNS	pattern recognition, structural similarity, reusable logic, trend identification	AL, SDF	"{""csta_strand"": ""AP-1"", ""csta_level"": ""1B,2,3A"", ""ap_csp"": ""AAP-2"", ""spiral_bloom"": ""Understand->Analyze""}"	210
UNPLUGGED_ALGORITHM_MIMICRY	Unplugged Algorithmic Simulation	Phương pháp mô phỏng và thực thi thuật toán thông qua các hoạt động vật lý, trò chơi thẻ bài và tương tác thực tế không dùng máy tính.	UNPLUGGED_ALGORITHMIC_CONCEPTS	CS unplugged, algorithm simulation, physical computing unplugged, card games	SDF	"{""csta_strand"": ""AP-2"", ""csta_level"": ""1A,1B,2"", ""spiral_bloom"": ""Remember->Apply""}"	211
VISUAL_BLOCK_TO_CODE_TRANSITION	Visual Block to Code Transition	Quy trình chuyển đổi nhận thức từ lập trình kéo thả trực quan sang tư duy cú pháp mã nguồn chính thức.	UNPLUGGED_ALGORITHMIC_CONCEPTS	block-to-text, visual programming transition, pseudo-code bridge	SDF, FPL	"{""csta_strand"": ""AP-3"", ""csta_level"": ""2,3A"", ""ap_csp"": ""AAP-3"", ""spiral_bloom"": ""Apply->Create""}"	212
DATA_LITERACY_DIKW_MODEL	Data Literacy & DIKW Pyramid	Mô hình tháp DIKW chuyển đổi từ Dữ liệu thô (Data) sang Thông tin (Information), Tri thức (Knowledge) và Trí tuệ (Wisdom).	PROBLEM_DECOMPOSITION_PATTERNS, DATA_VIS_TOOLS	DIKW pyramid, data literacy, data to information, knowledge transformation	DM, SEP	"{""csta_strand"": ""DA-1"", ""csta_level"": ""1B,2,3A"", ""ap_csp"": ""DAT-1"", ""spiral_bloom"": ""Understand->Evaluate""}"	213
ETHICAL_AI_AND_BIAS_AWARENESS	Ethical AI and Algorithmic Bias Awareness	Nhận thức về tính công bằng, định kiến thuật toán trong dữ liệu huấn luyện và trách nhiệm đạo đức khi phát triển và sử dụng các hệ thống AI.	PROBLEM_DECOMPOSITION_PATTERNS, AI_ASSISTED_CODING	AI ethics, algorithmic bias, fairness, responsible AI, training data bias	SEP, AI	"{""csta_strand"": ""IC-1"", ""csta_level"": ""2,3A,3B"", ""ap_csp"": ""IOC-1"", ""spiral_bloom"": ""Understand->Evaluate""}"	214
AI_ARTIFACT_VERIFICATION_AND_EVALUATION	AI Artifact Verification & Auditing	Nguyên lý kiểm định, đánh giá phản biện và xác minh tính đúng đắn, an toàn của sản phẩm code/dữ liệu do các hệ thống AI sinh ra.	AI_ASSISTED_CODING	AI verification, code auditing, artifact evaluation, AI safety, prompt testing	SE, AI	"{""csta_strand"": ""AP-3"", ""csta_level"": ""3A,3B"", ""ap_csp"": ""CRD-2"", ""spiral_bloom"": ""Evaluate->Create""}"	215
SUSTAINABLE_COMPUTING_AND_EFFICIENT_AI	Sustainable Computing & Green AI	Nguyên lý điện toán bền vững, tối ưu hóa năng lượng tiêu thụ và đánh giá dấu chân cacbon của các hệ thống tính toán và mô hình AI quy mô lớn.	STRUCTURED_DATA_STORAGE, EDGE_AI_PROCESSING	sustainable computing, green AI, carbon footprint, energy-aware, resource efficiency	SF, AR	"{""csta_strand"": ""IC-2"", ""csta_level"": ""3A,3B"", ""spiral_bloom"": ""Understand->Evaluate""}"	216
AI_GOVERNANCE_AND_RED_TEAMING	AI Governance & Active Red-Teaming	Quy trình quản trị AI, kiểm thử an toàn chủ động (Red-Teaming) và thiết lập hàng rào bảo vệ (Guardrails) cho hệ thống tự chủ.	ZERO_TRUST_SECURITY, AGENTIC_AI_SYSTEMS	AI governance, red-teaming, guardrails, AI alignment, risk mitigation	SEP, SEC	"{""csta_strand"": ""IC-1"", ""csta_level"": ""3B"", ""ap_csp"": ""IOC-1"", ""spiral_bloom"": ""Analyze->Evaluate""}"	217
PROBABILISTIC_VS_DETERMINISTIC_REASONING	Probabilistic vs. Deterministic Reasoning	Phân tích sự khác biệt tư duy giữa hệ thống suy luận xác định dựa trên luật (Rule-Based) và hệ thống suy luận xác suất dựa trên dữ liệu (Data-Driven / Explainable AI).	PROBLEM_DECOMPOSITION_PATTERNS, GENERATIVE_AI_MODELS	probabilistic reasoning, deterministic logic, rule-based vs data-driven, XAI, explainable AI	AI, MSF	"{""csta_strand"": ""AP-1"", ""csta_level"": ""2,3A,3B"", ""ap_csp"": ""AAP-2"", ""spiral_bloom"": ""Understand->Analyze""}"	218
BIOINFORMATICS_GENOMIC_ANALYSIS	Bioinformatics and Genomic Sequence Analysis	Phương pháp tính toán và thuật toán xử lý dữ liệu chuỗi sinh học (DNA/RNA) và mô hình hóa cấu trúc protein.	COMPUTATIONAL_SCIENCE_SIMULATION	bioinformatics, DNA sequencing, protein folding, genomic analysis	MSF, AL	"{""csta_strand"": ""DA-2"", ""csta_level"": ""3A,3B"", ""spiral_bloom"": ""Understand->Analyze""}"	219
PHYSICAL_FLUID_DYNAMICS_SIMULATION	Computational Physics and Fluid Dynamics	Mô hình hóa máy tính các hiện tượng động lực học chất lưu (CFD) và phân tích phần tử hữu hạn (FEA) trong kỹ thuật.	COMPUTATIONAL_SCIENCE_SIMULATION	CFD, FEA, fluid dynamics, physical simulation, numerical methods	MSF, SF	"{""csta_strand"": ""AP-3"", ""csta_level"": ""3B"", ""spiral_bloom"": ""Apply->Create""}"	220
MOLECULAR_DYNAMICS_MODELING	Molecular Dynamics and Materials Computing	Mô hình hóa tương tác vi mô của phân tử và nguyên tử trong khoa học vật liệu và hóa học tính toán.	COMPUTATIONAL_SCIENCE_SIMULATION	molecular dynamics, materials science, atomic simulation	MSF, SF	"{""csta_strand"": ""DA-2"", ""csta_level"": ""3B"", ""spiral_bloom"": ""Understand->Analyze""}"	221
DECENTRALIZED_LEDGER_CONSENSUS	Decentralized Ledger Cryptographic Consensus	Nguyên lý đồng thuận mã hóa (Proof of Work, Proof of Stake) và hạ tầng sổ cái phân tán bảo vệ tính toàn vẹn.	ZERO_TRUST_SECURITY	blockchain, consensus, Merkle tree, smart contract, DLT	SEC, PDC	"{""csta_strand"": ""NI-1"", ""csta_level"": ""3A,3B"", ""ap_csp"": ""IOC-1"", ""spiral_bloom"": ""Understand->Evaluate""}"	222
SPATIAL_COMPUTING_XR_MAPPING	Spatial Computing and Extended Reality Mapping	Kỹ thuật tái tạo không gian 3D, định vị mô phỏng thực tại mở rộng (XR/AR/VR) và tương tác không gian.	3D_ANIMATION_PRINCIPLES	spatial computing, XR, AR, VR, NeRF, 3D reconstruction	GIT, HCI	"{""csta_strand"": ""AP-3"", ""csta_level"": ""2,3A,3B"", ""spiral_bloom"": ""Apply->Create""}"	223
MECHATRONICS_SYSTEMS_DIAGNOSTICS	Mechatronics and Control Systems Diagnostics	Quy trình chẩn đoán, tích hợp kiểm thử phần cứng vòng kín (Hardware-in-the-Loop) trong kỹ thuật cơ điện tử.	ROBOTIC_NAVIGATION_AND_PLANNING	mechatronics, Hardware-in-the-Loop, HIL, control systems, diagnostics	SPD, SF	"{""csta_strand"": ""AP-3"", ""csta_level"": ""3A,3B"", ""spiral_bloom"": ""Analyze->Evaluate""}"	224
FOURIER_TRANSFORM_SIGNAL_ANALYSIS	Fourier Transform and Frequency Analysis	Biến đổi Fourier (FFT/DFT) để phân tích tín hiệu từ miền thời gian sang miền tần số trong xử lý tín hiệu số.	DIGITAL_SIGNAL_PROCESSING_TOPIC	Fourier transform, FFT, frequency domain, signal processing	MSF, NC	"{""csta_strand"": ""DA-2"", ""csta_level"": ""3A,3B"", ""spiral_bloom"": ""Understand->Analyze""}"	225
DIGITAL_FILTERING_AND_SAMPLING	Digital Filtering and Nyquist Sampling Theorem	Định lý lấy mẫu Nyquist-Shannon và kỹ thuật thiết kế bộ lọc số (FIR/IIR) loại bỏ nhiễu tín hiệu.	DIGITAL_SIGNAL_PROCESSING_TOPIC	Nyquist sampling, digital filter, FIR, IIR, signal filtering	NC, SF	"{""csta_strand"": ""DA-2"", ""csta_level"": ""3B"", ""spiral_bloom"": ""Apply->Analyze""}"	226
SINGULAR_VALUE_DECOMPOSITION	Singular Value Decomposition and Tensor Operations	Phân tích giá trị đơn lẻ (SVD) và đại số tensor cho giảm chiều dữ liệu và tính toán mạng nơ-ron sâu.	ADVANCED_MATH_OPTIMIZATION	SVD, matrix factorization, tensor operations, linear algebra	MSF, AI	"{""csta_strand"": ""DA-3"", ""csta_level"": ""3B"", ""ap_csp"": ""DAT-2"", ""spiral_bloom"": ""Understand->Analyze""}"	227
GRADIENT_DESCENT_OPTIMIZATION	Gradient Descent and Convex Optimization	Lý thuyết tối ưu hóa độ dốc (Gradient Descent) và phân tích bề mặt tổn thất (Loss Landscape) trong học máy.	ADVANCED_MATH_OPTIMIZATION	gradient descent, convex optimization, loss landscape, backpropagation	MSF, AI	"{""csta_strand"": ""AP-3"", ""csta_level"": ""3B"", ""spiral_bloom"": ""Analyze->Evaluate""}"	228
INFORMATION_ENTROPY_METRICS	Information Entropy and Mutual Information	Đo lường độ không chắc chắn thông qua Entropy Shannon, Mutual Information và Kullback-Leibler Divergence.	ADVANCED_MATH_OPTIMIZATION	Shannon entropy, mutual information, KL divergence, information theory	MSF, DM	"{""csta_strand"": ""DA-3"", ""csta_level"": ""3B"", ""spiral_bloom"": ""Understand->Evaluate""}"	229
COMPUTATIONAL_GENETICS_MODELS	Computational Genetics and Evolutionary Models	Mô hình hóa sự tiến hóa và di truyền quần thể bằng các giải thuật di truyền và tính toán sinh học.	COMPUTATIONAL_SCIENCE_SIMULATION	genetic algorithm, evolutionary model, computational genetics	MSF, AI	"{""csta_strand"": ""AP-3"", ""csta_level"": ""3A,3B"", ""spiral_bloom"": ""Apply->Create""}"	230
SCIENTIFIC_INQUIRY_METHOD	Scientific Inquiry and Experimental Method	Quy trình khám phá khoa học dựa trên đặt câu hỏi, xây dựng giả thuyết, thiết kế thử nghiệm, thu thập dữ liệu và kết luận.	COMPUTATIONAL_SCIENCE_SIMULATION, PROBLEM_DECOMPOSITION_PATTERNS	scientific inquiry, hypothesis, experimental method, data collection, NGSS	MSF, SEP	"{""ngss_dimension"": ""SEP-1"", ""csta_strand"": ""DA-2"", ""csta_level"": ""1B,2,3A"", ""gdpt2018"": ""KHTN"", ""spiral_bloom"": ""Understand->Evaluate""}"	231
ENGINEERING_DESIGN_CYCLE	Engineering Design Cycle and Prototyping	Quy trình thiết kế kỹ thuật tuần hoàn: Xác định bài toán, nghiên cứu ràng buộc, đề xuất giải pháp, chế tạo mẫu thử (Prototype), thử nghiệm và cải tiến.	PROBLEM_DECOMPOSITION_PATTERNS, WIREFRAMING_PROTOTYPING	engineering design, prototyping, iterative design, constraints, NGSS	SE, SDF	"{""ngss_dimension"": ""SEP-6"", ""csta_strand"": ""AP-3"", ""csta_level"": ""1B,2,3A,3B"", ""gdpt2018"": ""CongNghe"", ""spiral_bloom"": ""Apply->Create""}"	232
CROSSCUTTING_SCIENCE_CONCEPTS	Crosscutting Concepts in Science and Systems	Các khái niệm khoa học xuyên suốt: Mẫu hình (Patterns), Nguyên nhân - Kết quả (Cause & Effect), Quy mô (Scale), Năng lượng & Vật chất, Hệ thống & Mô hình.	PROBLEM_DECOMPOSITION_PATTERNS, ADVANCED_MATH_OPTIMIZATION	crosscutting concepts, cause and effect, systems and models, energy and matter, NGSS	MSF, SF	"{""ngss_dimension"": ""CCC"", ""csta_strand"": ""AP-1"", ""csta_level"": ""1A,1B,2,3A"", ""gdpt2018"": ""KHTN-Toan"", ""spiral_bloom"": ""Understand->Analyze""}"	233
DESIGN_THINKING_PROCESS	Design Thinking & Human-Centered Innovation	Quy trình tư duy thiết kế tuần hoàn: Thấu cảm (Empathize), Xác định góc nhìn (Define), Sáng tạo ý tưởng (Ideate), Dựng mẫu thử (Prototype) và Kiểm thử (Test).	USER_RESEARCH, WIREFRAMING_PROTOTYPING	design thinking, human-centered design, empathize, ideate, prototyping	HCI, SEP	"{""steam_domain"": ""Arts"", ""csta_strand"": ""AP-3"", ""csta_level"": ""1B,2,3A,3B"", ""spiral_bloom"": ""Understand->Create""}"	234
COLOR_THEORY_AND_PALETTE_DESIGN	Color Theory and Digital Palette Systems	Nguyên lý lý thuyết màu sắc, vòng tròn màu, không gian màu kỹ thuật số (RGB/CMYK/HSV) và thiết kế hệ thống phối màu tương phản.	GRAPHIC_DESIGN_PRINCIPLES	color theory, color palette, RGB, CMYK, contrast, color harmony	GIT, HCI	"{""steam_domain"": ""Arts"", ""csta_strand"": ""AP-1"", ""csta_level"": ""1B,2,3A"", ""spiral_bloom"": ""Understand->Apply""}"	235
TYPOGRAPHY_AND_VISUAL_HIERARCHY	Typography and Visual Hierarchy Systems	Nguyên lý lựa chọn kiểu chữ, đo lường khoảng cách (Kerning, Leading, Tracking) và xây dựng hệ thống phân cấp thị giác.	GRAPHIC_DESIGN_PRINCIPLES	typography, kerning, leading, tracking, visual hierarchy, font system	GIT, HCI	"{""steam_domain"": ""Arts"", ""csta_strand"": ""AP-1"", ""csta_level"": ""2,3A"", ""spiral_bloom"": ""Apply->Analyze""}"	236
LAYOUT_GRID_AND_COMPOSITION_RULES	Layout Grid and Compositional Rules	Các quy tắc bố cục thị giác, hệ thống lưới (Grid System), tỷ lệ vàng, quy tắc một phần ba và sự cân bằng thị giác trong thiết kế.	WIREFRAMING_PROTOTYPING, GRAPHIC_DESIGN_PRINCIPLES	layout grid, composition, rule of thirds, golden ratio, visual balance	GIT, HCI	"{""steam_domain"": ""Arts"", ""csta_strand"": ""AP-1"", ""csta_level"": ""2,3A,3B"", ""spiral_bloom"": ""Apply->Create""}"	237
ALGORITHMIC_GENERATIVE_ART	Algorithmic and Generative Art	Phương pháp sáng tạo nghệ thuật bằng thuật toán, hàm toán học, nhiễu Perlin/Simplex và hình học phân mảnh (Fractals).	COMPUTATIONAL_SCIENCE_SIMULATION, 3D_ANIMATION_PRINCIPLES	generative art, creative coding, Perlin noise, algorithmic art, fractals	GIT, AL	"{""steam_domain"": ""Arts"", ""csta_strand"": ""AP-3"", ""csta_level"": ""2,3A,3B"", ""spiral_bloom"": ""Apply->Create""}"	238
INCLUSIVE_DESIGN_ACCESSIBILITY_WCAG	Inclusive Design and Accessibility Standards	Nguyên tắc thiết kế tiếp cận hòa nhập theo chuẩn WCAG (POUR: Nhận biết, Vận hành, Hiểu, Bền vững) cho mọi người dùng.	ASSISTIVE_TECH, UI_UX_HEURISTICS	inclusive design, WCAG, accessibility, POUR principles, contrast ratio	HCI, SEP	"{""steam_domain"": ""Arts"", ""csta_strand"": ""IC-2"", ""csta_level"": ""2,3A,3B"", ""spiral_bloom"": ""Understand->Evaluate""}"	239
NEUROMORPHIC_COMPUTING_SPIKING_NEURONS	Neuromorphic Computing and Spiking Neurons	Nguyên lý điện toán mô phỏng mạng thần kinh sinh học với mô hình nơ-ron xung (Spiking Neural Networks) và xử lý dựa trên sự kiện.	EDGE_AI_PROCESSING, GENERATIVE_AI_MODELS	neuromorphic computing, spiking neural networks, SNN, event-based processing, bio-inspired	AI, AR	"{""csta_strand"": ""AP-3"", ""csta_level"": ""3B"", ""spiral_bloom"": ""Understand->Analyze""}"	240
SWARM_INTELLIGENCE_OPTIMIZATION	Swarm Intelligence and Collective Behavior	Giải thuật tối ưu hóa dựa trên trí tuệ bầy đàn trong tự nhiên (Ant Colony, Particle Swarm Optimization) áp dụng cho hệ thống tự chủ.	ALGO_STRATEGIES, SUPERVISED_LEARNING	swarm intelligence, PSO, ant colony optimization, collective behavior	AL, AI	"{""csta_strand"": ""AP-3"", ""csta_level"": ""3A,3B"", ""spiral_bloom"": ""Understand->Apply""}"	241
FORMAL_PROGRAM_VERIFICATION	Formal Program Verification and Model Checking	Phương pháp chứng minh tính đúng đắn toán học của phần mềm bằng lý thuyết hình thức, kiểm tra mô hình (Model Checking) và chứng minh định lý.	UNIT_INTEGRATION_TESTING, DEBUGGING_TECH	formal verification, model checking, theorem proving, program correctness	SE, FPL	"{""csta_strand"": ""AP-3"", ""csta_level"": ""3B"", ""spiral_bloom"": ""Analyze->Evaluate""}"	242
TYPE_SYSTEMS_AND_SAFETY	Type Systems and Type Safety Theory	Lý thuyết kiểu dữ liệu, kiểm tra kiểu tĩnh và động (Static vs. Dynamic Typing), suy luận kiểu (Type Inference) và tính an toàn của hệ thống kiểu.	PRIMITIVE_TYPES, REFERENCE_TYPES	type systems, static typing, dynamic typing, type safety, type inference	FPL, SDF	"{""csta_strand"": ""AP-2"", ""csta_level"": ""2,3A,3B"", ""ap_csp"": ""AAP-1"", ""spiral_bloom"": ""Understand->Analyze""}"	243
STATIC_PROGRAM_ANALYSIS	Static Program Analysis and Abstract Interpretation	Phương pháp phân tích tĩnh mã nguồn không cần thực thi để phát hiện lỗi logic, bộ nhớ và rủi ro an toàn phần mềm.	DEBUGGING_TECH, UNIT_INTEGRATION_TESTING	static program analysis, AST parsing, code linting, abstract interpretation	SE, FPL	"{""csta_strand"": ""AP-3"", ""csta_level"": ""3A,3B"", ""spiral_bloom"": ""Apply->Analyze""}"	244
COMPUTER_VISION_FEATURE_EXTRACTION	Computer Vision Feature Extraction and Segmentation	Kỹ thuật trích xuất đặc trưng hình ảnh (Edge Detection, Corner Detection) và phân đoạn hình ảnh ngữ nghĩa (Semantic Segmentation).	RASTER_GRAPHICS_CONCEPTS, GENERATIVE_AI_MODELS	computer vision, feature extraction, edge detection, semantic segmentation	GIT, AI	"{""csta_strand"": ""AP-3"", ""csta_level"": ""3A,3B"", ""spiral_bloom"": ""Understand->Apply""}"	245
SPEECH_RECOGNITION_AND_SYNTHESIS	Speech Recognition and Acoustic Synthesis	Nguyên lý chuyển đổi tiếng nói thành văn bản (Speech-to-Text) và tổng hợp tiếng nói (Text-to-Speech) dựa trên mô hình hóa phổ âm thanh.	DIGITAL_SIGNAL_PROCESSING_TOPIC, GENERATIVE_AI_MODELS	speech recognition, STT, TTS, acoustic modeling, Mel-spectrogram	AI, NC	"{""csta_strand"": ""AP-3"", ""csta_level"": ""2,3A,3B"", ""spiral_bloom"": ""Understand->Apply""}"	246
NATURAL_LANGUAGE_PARSING	Natural Language Parsing and Machine Translation	Kỹ thuật phân tích cú pháp ngôn ngữ tự nhiên (Syntactic Parsing), gắn nhãn từ loại và chuyển đổi ngôn ngữ dựa trên mô hình ngữ nghĩa.	GENERATIVE_AI_MODELS, ALGO_STRATEGIES	natural language parsing, NLP, POS tagging, machine translation, syntax tree	AI, FPL	"{""csta_strand"": ""AP-3"", ""csta_level"": ""3A,3B"", ""spiral_bloom"": ""Understand->Analyze""}"	247
MULTI_SENSOR_FUSION_ALGORITHMS	Multi-Sensor Fusion and State Estimation	Giải thuật hợp nhất dữ liệu từ nhiều cảm biến (LiDAR, Radar, Camera, IMU) bằng bộ lọc Kalman để ước lượng trạng thái môi trường.	SENSOR_TYPES, ROBOTIC_NAVIGATION_AND_PLANNING	sensor fusion, Kalman filter, LiDAR, IMU, state estimation	SPD, AI	"{""csta_strand"": ""AP-3"", ""csta_level"": ""3A,3B"", ""spiral_bloom"": ""Analyze->Evaluate""}"	248
AUTONOMOUS_DRONE_NAVIGATION	Autonomous Vehicle and Drone Navigation	Hệ thống tự điều hướng, tránh chướng ngại vật thời gian thực và tự chủ di chuyển cho phương tiện tự lái và thiết bị bay không người lái.	ROBOTIC_NAVIGATION_AND_PLANNING, ACTUATOR_CONTROL	autonomous navigation, drone control, self-driving, obstacle avoidance	SPD, AI	"{""csta_strand"": ""AP-3"", ""csta_level"": ""3A,3B"", ""spiral_bloom"": ""Apply->Create""}"	249
DIGITAL_TWIN_SIMULATION	Digital Twin Simulation and Telemetry Sync	Mô hình bản sao số thời gian thực kết nối đồng bộ dữ liệu cảm biến IoT với mô phỏng dự báo trạng thái tài sản vật lý.	COMPUTATIONAL_SCIENCE_SIMULATION, IOT_PROTOCOLS_MQTT	digital twin, telemetry sync, physical asset simulation, predictive maintenance	SF, SPD	"{""csta_strand"": ""AP-3"", ""csta_level"": ""3A,3B"", ""spiral_bloom"": ""Apply->Evaluate""}"	250
SPATIAL_AUDIO_AND_HAPTICS	Spatial Audio and Haptic Perception	Nguyên lý âm thanh không gian 3D và phản hồi lực tiếp xúc (Haptics) nâng cao trải nghiệm đắm chìm trong môi trường thực tế ảo.	3D_ANIMATION_PRINCIPLES, UI_UX_HEURISTICS	spatial audio, haptics, tactile feedback, immersive VR	HCI, GIT	"{""csta_strand"": ""AP-3"", ""csta_level"": ""2,3A,3B"", ""spiral_bloom"": ""Understand->Apply""}"	251
PHOTOGRAMMETRY_AND_POINT_CLOUD	3D Photogrammetry and LiDAR Point Cloud Processing	Kỹ thuật tái tạo mô hình 3D từ ảnh chụp đa góc (Photogrammetry) và xử lý đám mây điểm (Point Cloud) từ cảm biến LiDAR.	POLYGONAL_MODELING, RASTER_GRAPHICS_CONCEPTS	photogrammetry, point cloud, LiDAR, 3D reconstruction, remote sensing	GIT, AI	"{""csta_strand"": ""AP-3"", ""csta_level"": ""3A,3B"", ""spiral_bloom"": ""Apply->Analyze""}"	252
UAV_FLIGHT_DYNAMICS_AND_CONTROL	UAV Flight Dynamics and Attitude Control	Nguyên lý động lực học bay (thay đổi góc nghiêng, hướng bay, lực đẩy) và điều khiển độ cao thời gian thực cho thiết bị bay không người lái.	ROBOTIC_NAVIGATION_AND_PLANNING, ACTUATOR_CONTROL	UAV flight dynamics, quadcopter control, attitude estimation, AHRS	SPD, SF	"{""csta_strand"": ""AP-3"", ""csta_level"": ""3A,3B"", ""spiral_bloom"": ""Understand->Apply""}"	253
SWARM_ROBOTICS_FORMATION_CONTROL	Swarm Robotics and Decentralized Formation Control	Giải thuật điều khiển đội hình phi tập trung và tránh va chạm cho quần thể drone hoặc hệ thống robot tự chủ nhiều thành phần.	ROBOTIC_NAVIGATION_AND_PLANNING, ALGO_STRATEGIES	swarm robotics, formation control, multi-drone, decentralized routing	AI, PDC	"{""csta_strand"": ""AP-3"", ""csta_level"": ""3B"", ""spiral_bloom"": ""Apply->Create""}"	254
MARITIME_UNDERWATER_ROBOTICS	Autonomous Underwater Robotics and Acoustic Sensing	Kỹ thuật điều hướng robot thủy (AUV) và định vị bằng sóng âm thanh (Acoustic Navigation) trong môi trường dưới nước.	ROBOTIC_NAVIGATION_AND_PLANNING, DIGITAL_SIGNAL_PROCESSING_TOPIC	AUV, underwater robotics, acoustic sensing, marine navigation	SPD, NC	"{""csta_strand"": ""AP-3"", ""csta_level"": ""3B"", ""spiral_bloom"": ""Analyze->Evaluate""}"	255
SMART_GRID_ENERGY_OPTIMIZATION	Smart Grid Energy Optimization and Microgrid Balancing	Thuật toán tối ưu hóa cân bằng tải điện năng thời gian thực và quản lý mạng lưới điện thông minh (Smart Grid/Microgrid).	ALGO_STRATEGIES, ADVANCED_MATH_OPTIMIZATION	smart grid, microgrid, load balancing, energy optimization, demand response	SF, AL	"{""csta_strand"": ""IC-2"", ""csta_level"": ""3A,3B"", ""spiral_bloom"": ""Analyze->Evaluate""}"	256
RENEWABLE_ENERGY_FORECASTING	Renewable Energy Production Forecasting	Mô hình dự báo sản lượng năng lượng tái tạo (điện mặt trời, điện gió) dựa trên phân tích chuỗi thời gian và dữ liệu thời tiết.	SUPERVISED_LEARNING, ADVANCED_MATH_OPTIMIZATION	renewable energy, solar forecasting, wind forecasting, time series, yield prediction	DM, AI	"{""csta_strand"": ""DA-3"", ""csta_level"": ""3A,3B"", ""spiral_bloom"": ""Understand->Analyze""}"	257
BATTERY_MANAGEMENT_ALGORITHMS	Battery Management System (BMS) Health Algorithms	Thuật toán đánh giá trạng thái nạp (SoC) và độ thoái hóa (SoH) của pin lưu trữ năng lượng trong hệ thống điện toán xanh.	SENSOR_TYPES, ADVANCED_MATH_OPTIMIZATION	BMS, battery management, State of Charge, SoC, State of Health, SoH, energy storage	SF, SPD	"{""csta_strand"": ""AP-3"", ""csta_level"": ""3B"", ""spiral_bloom"": ""Understand->Apply""}"	258
CARBON_FOOTPRINT_ACCOUNTING_SOFTWARE	Carbon Accounting and Life-Cycle Assessment Software	Phương pháp tính toán dấu chân carbon phần mềm và đánh giá vòng đời sản phẩm (LCA) phục vụ chiến lược điện toán bền vững.	COMPUTATIONAL_SCIENCE_SIMULATION, ADVANCED_MATH_OPTIMIZATION	carbon accounting, life cycle assessment, LCA, green computing, carbon footprint	SEP, SF	"{""csta_strand"": ""IC-2"", ""csta_level"": ""2,3A,3B"", ""spiral_bloom"": ""Understand->Evaluate""}"	259
RADIATION_HARDENED_SPACE_COMPUTING	Radiation-Hardened Space Computing Systems	Nguyên lý thiết kế vi xử lý và phần mềm chịu bức xạ vũ trụ với kiến trúc dự phòng lỗi (Triple Modular Redundancy) cho tàu không gian.	HW_CPU, EMBEDDED_SYSTEMS	radiation hardened, space computing, satellite avionics, fault tolerance, TMR	AR, SF	"{""csta_strand"": ""AP-3"", ""csta_level"": ""3B"", ""spiral_bloom"": ""Analyze->Evaluate""}"	260
ORBITAL_MECHANICS_SATELLITE_MESH	Orbital Mechanics and Inter-Satellite Mesh Networks	Thuật toán xác định quỹ đạo vệ tinh và điều hướng mạng truyền thông liên kết laser giữa các chòm vệ tinh vệ tinh tầm thấp (LEO).	TRANSPORT_PROTOCOLS, NETWORK_TOPOLOGIES	orbital mechanics, satellite mesh, inter-satellite laser, LEO constellation	NC, SF	"{""csta_strand"": ""NI-1"", ""csta_level"": ""3A,3B"", ""spiral_bloom"": ""Understand->Analyze""}"	261
NEURAL_SIGNAL_DECODING_BCI	Neural Signal Decoding for Brain-Computer Interfaces	Phương pháp xử lý và giải mã tín hiệu điện não đồ (EEG) hoặc tín hiệu nơ-ron xâm nhập để điều khiển thiết bị qua giao diện não-máy tính (BCI).	DIGITAL_SIGNAL_PROCESSING_TOPIC, ASSISTIVE_TECH	BCI, brain computer interface, neural decoding, EEG signal, neurotech	HCI, AI	"{""csta_strand"": ""AP-3"", ""csta_level"": ""3A,3B"", ""spiral_bloom"": ""Understand->Apply""}"	262
CLOSED_LOOP_NEUROSTIMULATION	Closed-Loop Neurostimulation and Bio-Prosthetics	Thuật toán kích thích thần kinh phản hồi vòng kín và điều khiển chi giả sinh học dựa trên giải mã ý định cử động thời gian thực.	ACTUATOR_CONTROL, ASSISTIVE_TECH	neurostimulation, bio-prosthetics, closed loop, neural feedback, BCI	SPD, HCI	"{""csta_strand"": ""AP-3"", ""csta_level"": ""3B"", ""spiral_bloom"": ""Analyze->Create""}"	263
QUANTUM_KEY_DISTRIBUTION_QKD	Quantum Key Distribution and BB84 Protocol	Nguyên lý phân phối khóa bảo mật dựa trên cơ học lượng tử (QKD) và giao thức BB84 đảm bảo an toàn tuyệt đối trước nguy cơ nghe lén.	QUANTUM_CIRCUITS_AND_GATES, ENCRYPTION_PROTOCOLS	QKD, quantum key distribution, BB84, quantum cryptography, photon polarization	SEC, SF	"{""csta_strand"": ""NI-1"", ""csta_level"": ""3B"", ""spiral_bloom"": ""Understand->Evaluate""}"	264
QUANTUM_REPEATER_NETWORKS	Quantum Repeater Networks and Teleportation	Thuật toán trạm lặp lượng tử và truyền tải trạng thái lượng tử (Quantum Teleportation) phục vụ hạ tầng Internet Lượng tử.	QUANTUM_CIRCUITS_AND_GATES, NETWORK_TOPOLOGIES	quantum repeater, quantum teleportation, quantum internet, entanglement distribution	NC, SF	"{""csta_strand"": ""NI-1"", ""csta_level"": ""3B"", ""spiral_bloom"": ""Analyze->Evaluate""}"	265
MEDICAL_IMAGE_DICOM_SEGMENTATION	Medical Image DICOM Segmentation and Analytics	Thuật toán phân tích hình ảnh y tế (CT, MRI) chuẩn DICOM và phân đoạn tổn thương bằng các mô hình mạng nơ-ron chuyên dụng.	RASTER_GRAPHICS_CONCEPTS, GENERATIVE_AI_MODELS	medical image, DICOM, MRI segmentation, CT scan, medical AI	GIT, AI	"{""csta_strand"": ""DA-3"", ""csta_level"": ""3A,3B"", ""spiral_bloom"": ""Apply->Analyze""}"	266
WEARABLE_PHYSIOLOGICAL_MONITORING	Wearable Real-Time Physiological Signal Monitoring	Thuật toán xử lý và phân tích thời gian thực các chỉ số sinh lý (điện tâm đồ ECG, nồng độ oxy SpO2) từ thiết bị đeo y tế.	DIGITAL_SIGNAL_PROCESSING_TOPIC, IOT_PROTOCOLS_MQTT	physiological monitoring, ECG, SpO2, wearable medical, real-time health	SPD, NC	"{""csta_strand"": ""DA-2"", ""csta_level"": ""2,3A,3B"", ""spiral_bloom"": ""Understand->Apply""}"	267
ULTRA_LOW_LATENCY_HFT_ARCHITECTURE	Ultra-Low Latency High-Frequency Trading Architecture	Kiến trúc phần mềm và phần cứng FPGA/Kernel Bypass đạt độ trễ dưới vi giây (Sub-microsecond) phục vụ giao dịch tài chính tần số cao.	ASYNCHRONOUS_PROG, HW_CPU	HFT, high frequency trading, ultra low latency, FPGA, kernel bypass, sub-microsecond	SF, AR	"{""csta_strand"": ""AP-3"", ""csta_level"": ""3B"", ""spiral_bloom"": ""Analyze->Evaluate""}"	268
QUANTITATIVE_FINANCIAL_RISK_MODELING	Quantitative Financial Risk Modeling and Monte Carlo	Mô hình hóa rủi ro tài chính định lượng, mô phỏng Monte Carlo và định giá công cụ phái sinh trong kỹ thuật tài chính.	ADVANCED_MATH_OPTIMIZATION, SUPERVISED_LEARNING	quantitative finance, Monte Carlo simulation, risk modeling, financial engineering	MSF, DM	"{""csta_strand"": ""DA-3"", ""csta_level"": ""3B"", ""spiral_bloom"": ""Apply->Analyze""}"	269
